client_id,target
2,0.20314208543906526
4,0.7530576410045743
9,0.3608775157086307
12,0.21342396376119635
14,0.17954165081686468
15,0.4973251773615922
29,0.27084998153378104
56,0.08996536919846297
58,0.18851770945596738
60,0.32775089885760844
62,0.1257116637268404
72,0.8710721664502244
74,0.17000861017877644
76,0.13066670450973755
85,0.38569907656639346
99,0.5966926275361957
104,0.6463639869328759
112,0.5349720262562566
120,0.5428938823110189
128,0.2924360202025197
131,0.2693268688572194
135,0.24196797071765325
143,0.11136982190229403
157,0.7431973689729638
159,0.03498078793837488
165,0.09572959714772615
176,0.058456286386967926
183,0.6815116164752616
191,0.4210129105612419
194,0.9646083482381903
206,0.3263669912236651
207,0.2898839821369941
228,0.10399391675119536
232,0.5004253718935353
286,3.938518949366177e-18
287,0.23604657529372622
296,0.8893640413720172
298,0.30510526690042733
299,0.27047897490430084
322,0.8537425393123216
328,0.2777510300779569
335,0.18402140645248136
341,0.05563786476622199
348,0.32356729745284213
352,0.2921199929395725
353,0.4670469387931397
367,0.36322372061352476
370,0.22083910194333323
373,0.44535882405721
379,0.2652420566830665
394,0.2429048529662548
395,0.2727929811639956
396,0.030104709371690918
400,0.08002579063512756
403,0.7871893942631991
410,0.18486056376600019
411,0.6664172324377406
417,0.6070679936168347
418,0.5323415295895192
438,0.4361178753644426
443,0.8039833706390158
27,0.577363039122023
479,0.21066696815233169
480,0.288629077081383
482,0.3273482445217123
485,0.33013285172442763
494,0.16670456542590822
495,0.8140480595916678
504,0.4765750409876417
509,0.14511513978595902
511,0.7726357740704357
520,0.12056969736134235
528,0.14027920031987157
537,0.3461216102248336
543,0.251508377987566
548,0.2485504802372595
136,0.1432704199086488
554,0.06379709631450343
563,0.27964056536586773
569,0.15747946933904314
166,0.2203351636570435
590,0.14712444935135544
182,0.2050549096469075
593,0.4575293819999526
602,0.1367425171406486
609,0.9312902987209772
614,0.2940717918863439
627,0.25647957090105344
628,0.7713496253991592
631,0.24247720766330286
650,0.04615212043154617
657,0.3450013257240473
669,0.3646418001818185
682,0.5535698442892717
688,0.76851903608091
695,0.31835707233282606
711,0.21386286760374468
714,0.986726490833586
717,0.32708401894267536
721,0.21325065857506129
744,0.7323621444940144
746,0.08133916288082214
749,0.2234359724079174
753,0.12173199628890594
755,0.2819251208237918
765,0.4645423030875009
768,0.18034106263513636
770,0.149715710077431
772,0.1576366287683236
774,0.15854823051923495
791,0.21995841591832258
793,0.1327308574434682
797,0.07002840934573513
804,0.11916081483471752
809,0.08786486693562723
817,0.8685680153066151
830,0.36044688293404614
838,0.3004121013859833
839,0.16792929289835223
862,0.14722557055514976
864,0.3126169529340294
868,0.4187100494458298
873,0.017720273543827166
874,0.14730477091459745
889,0.20586842619131182
901,0.8508160147525399
902,0.8680285025013729
903,0.586011058098001
904,0.14501572760702408
908,0.47675098155541756
910,0.21401970682897042
911,0.4422371449306854
917,0.31993163491294135
921,0.21315332303245826
930,0.16879315374166307
942,1.0
943,0.36691112641749146
945,0.11510786159328219
954,0.19803163245253938
101,0.04053313757668118
965,0.9242527324192138
973,0.5319310088317091
979,0.7187784194203936
991,0.15415164933924036
995,5.279922319671182e-06
996,0.4623282702083972
1003,0.6575529824278932
1005,0.21169226798830143
1012,0.18091791275808713
1015,0.10014472963406634
1022,0.16111584471504337
606,0.40961005860774385
1031,0.28834655276655957
1041,0.37010981938411475
1046,0.16407397850606606
1047,0.12168060795968186
1056,0.38799014202129734
1058,0.14393625719411965
233,0.2368288576469721
1071,0.6143184524043064
1072,0.21336726434089476
1080,0.5626574690537363
1083,0.10995205452760912
1092,1.0
258,0.15312024762626772
1097,0.17623135416918037
1103,0.20305915824284343
1110,0.1526100973171834
1112,0.14366460788019866
1128,0.26368165555775636
1129,0.14570533695186716
704,0.3995844248820481
1133,0.5280274298093902
1144,0.314240531894389
1146,0.603394550295111
1147,0.5272175791724057
1152,0.7185060063406222
334,0.29739980284337125
1160,0.3579159337432886
1161,0.027231224524947067
1165,0.41095221919991204
1172,0.09354609858636682
352,0.29606169277596056
757,0.3143231945114202
1180,3.015312533031357e-08
1181,0.002919153278319146
781,0.4293767540014189
1199,0.21462311065165912
1200,0.41348870782822184
1203,0.8687567395219654
1204,0.4848735723825824
806,0.17725250447389795
1218,0.13841144175912062
1222,0.31327782557803596
404,0.18954478642215633
1224,0.43319301693654144
1226,0.1718607363729549
1227,0.2454733759892283
1230,0.17978744150517434
831,0.031218445075360347
1233,0.2468989239426254
839,0.1607174853233572
1242,0.4325573559240431
1245,0.44620464665503573
1250,0.32052392602925694
1252,0.214981633985387
1263,0.2435773355045915
1265,0.012630206055821063
1266,0.8353778051610362
1269,0.43234352578455
878,0.18945088274012103
1270,0.16336900849471675
448,0.2089542732077563
1273,0.19579154940767263
1290,0.03275048186090549
1291,0.26529338772467803
471,0.0842734601374338
1303,0.5651403472773003
1304,0.11992924807829501
1309,0.17668772745025033
916,0.06252321731212451
1310,0.33752045291461247
1317,0.31201239635260297
1319,0.15984126948907112
1320,0.047065683724546406
75,0.12880358631435201
81,0.21862390704141219
1337,0.8268123036650805
1340,0.8130491780923844
1348,0.22457665503423893
1359,0.8672765496524711
1365,0.24854244758431285
1370,0.42649149488810784
1372,0.4573506384613584
1377,0.22211249653610965
1382,0.4646923563254628
1015,0.10230391301766661
1397,0.38216700229545086
1398,0.2817829532039248
189,0.1735644579506753
601,0.20546125614222466
605,0.1544041673167966
1042,0.16290206426224443
1044,0.608524094474755
1425,0.2222912221881753
1426,0.008844910133141178
1428,0.19062821541296526
1431,0.4003648341724505
1445,0.8085457601177426
1451,0.22669055958952786
1080,0.5857683735467827
1456,0.5130101623570608
1458,0.0988882530368922
1459,0.18689163598940212
1460,0.11793851528961011
1092,0.12338014119319836
1476,0.36186616321929577
1478,0.4197251748614329
1480,0.128731253948322
1481,0.6988767255644184
1113,0.41260873487660993
1486,0.9845997349564287
1487,0.18190021329974726
1493,0.153427447152809
1505,0.44210205913935474
1506,0.089312251634413
1521,0.34437985867040416
1525,0.4760648414363208
1529,0.6744101582430486
1536,0.776137198210146
1539,0.36593353467465356
1554,0.2615965083053118
1558,0.2768233531569715
764,0.3569264864146942
1563,0.10644166750523257
1574,0.3103718705964871
1201,0.21836384967011432
384,0.4015299558146031
1592,0.09070869701956798
1604,0.41169747053822275
1610,0.2850385672406077
1612,0.7853911797090903
1620,0.4695215222933972
846,0.25893008412605795
858,0.0016267094881843593
1636,0.11537346560669279
1648,0.2387901845048641
28,0.10652194077903362
1280,0.2463928009714234
1665,0.08910300539081596
1667,0.16934988190080805
1675,0.16390540841361126
1680,0.10909292498706771
489,0.18949490207218167
1688,0.24819560703614368
1691,0.33232422644207305
921,0.2220954165365069
1711,0.14046026389395125
1729,0.12808488572798193
1734,0.4155914871610692
975,0.21424432529864712
1757,0.867276326945444
1758,0.5946416513635198
1765,0.08429019087033929
1769,0.19597561699020202
1777,0.35439037201660895
161,0.24746646918655207
1785,0.7679895498853423
1029,0.16871317924012447
1416,0.3825677315222425
1801,0.14836270898775047
1805,0.17242247101756944
219,0.14252380804820267
1825,0.47904079283214557
1827,0.1879325784779129
1829,0.16696602896989743
1837,0.21876081962658844
1839,0.29929076377427505
1851,0.14357525040869887
1852,0.6316248975473747
1853,0.18193788315227877
1463,0.11972396385788076
1854,0.6740412849484142
1855,0.11101296426196676
1856,0.8307114846030551
1858,0.46252020552187073
1865,0.1434494157515788
1868,0.17552879689500867
1869,0.11667249852291667
1879,0.23453434838319792
1881,0.6227023494265197
1508,0.224784286559116
1515,0.26065217381658556
1884,0.3663851918101736
1887,0.004436525014371349
1902,0.9999999999999998
745,0.6525203356792458
1548,0.08634172201221985
1909,0.9028234687944593
756,0.24189560691276474
1916,0.20864433778287028
1926,0.24563669485674539
1940,0.2917283932037893
1941,0.19270187506466635
1943,0.13809036377600611
806,0.1800384558559766
1951,0.4528693109135561
1610,0.37421125065223726
1961,0.2536407865645934
417,0.6070679936168347
1970,0.16427508984404116
1971,0.11735473174070064
856,0.13624857423013315
1983,0.3627656471309491
1987,0.4643008721407369
1993,0.2295461237937609
871,0.30123562915478364
2003,0.03927500971579864
873,0.017311850008623043
2007,0.3705873402131835
2018,0.17782690478776644
1297,0.4022608156156047
1303,0.5547868533615337
2030,0.40269871579661876
53,0.12949642857954893
1697,0.5160240310483445
2047,0.29695714564906756
2053,0.12522765708817082
2072,0.48116629976146996
2078,0.3003545858526184
2079,0.35315798472544546
542,0.2158556852340752
542,0.20882824918399398
1754,0.39230057164827636
131,0.2656068083058867
2094,0.11076949117384542
2102,0.08581442023531594
151,0.34462591044199553
2107,0.2819561775379908
2108,0.11443291933961135
2110,0.25018727852041334
2113,0.20754939154461194
2116,0.11389355259493532
2123,0.4055344485462974
2126,0.3148992180163348
2139,0.15410232158759837
2140,0.2914501662452141
2142,0.24443389738131718
2152,0.35725483890295123
2157,0.4175329756462016
1075,0.16483538713584983
1837,0.21994331844522216
2163,0.45653875169721875
248,0.18160246511237388
2165,0.4697559358028337
2170,0.11775591046299137
2175,0.09501278036679371
2178,0.17912162431432885
2186,0.2420479890319889
1477,0.6266431414777187
277,0.17142230001488593
2201,0.4993382711632807
2202,0.07552188197052559
1488,0.5608895375981914
2209,0.509377546409404
2211,0.1450327053453444
2226,0.9599225701033762
2229,0.37423893175723627
2236,0.1495538287297216
1154,0.3658091724639068
2242,0.20657863268940269
2244,0.16087325321605409
2250,0.30918092351752485
2251,4.881373577286734e-07
766,0.039338834279782665
2264,0.26531945162823506
2266,0.083007608574396
2271,0.23085818763511678
2278,0.4080516648918647
378,0.2533334044084535
2282,0.16535569088508792
383,0.7505728932557005
2294,0.3695638687371582
2303,0.23411540126051397
2306,0.7114475574689214
2309,0.38021397528322753
428,0.13535712761171978
1975,0.9290467522517761
5,0.2499451455676363
2321,0.17516491819653557
861,0.2037789972235116
27,0.5884742589877605
2337,0.9028373489855253
1674,0.2789149193486103
2346,0.3491222320518215
478,0.24697702980398356
1682,0.8459338743952487
2355,0.37096433830494974
2362,0.14406971363306617
2364,0.4356103758345797
2370,0.2458378911434132
2374,1.8260816283297447e-06
517,0.4459466233416505
2381,0.6813369416366701
2386,0.000544544952977679
93,0.4080649086906775
2387,6.1410517881129065e-06
2393,0.16134681728699296
1742,0.527105413557346
2404,0.09385910261861602
2408,0.44249164163154586
2410,0.15684196405923057
2415,0.25500312838075334
2418,0.3142156462291051
2420,0.5373663673122714
2424,0.5395140270670596
2427,0.5786259652686792
159,0.03418838398877607
2439,0.574888457862676
2445,0.4996025108347354
2447,0.23291120612242458
2449,0.040246801095688435
2455,0.2513451787800052
2459,0.22020662694568155
2463,0.24013774340931682
2464,0.18806288177056726
619,0.23337371936425022
2471,0.10284490003076864
635,0.11320376237864975
2485,0.305527943400142
2486,0.08176267015083877
1447,0.12016149624611948
1070,0.11609698844381343
2495,0.2599083034410624
2496,0.954254233103576
2497,0.32821742821916705
2505,0.08315464341066221
1852,0.5192606792019866
1463,0.11529423740502016
2514,0.29355934495216435
2211,0.14269417285268035
702,0.2659746694558051
2548,0.17532671062557514
2555,0.1682568259192411
329,0.0647899090027926
2562,0.3045198614793309
2249,0.2627636485526827
773,0.2946738601517144
2588,0.14983969246202447
2589,0.6223960423261863
2593,0.12403883636032682
1210,0.25906260388062924
2603,0.2055954673512533
2604,0.27832877357534996
809,0.09134954396490498
2618,0.2808936537219103
407,1.0
2623,0.12596432291802626
1960,0.19094241682522434
841,0.7187655655794634
2633,0.09022812072791475
2634,0.5021019870868552
2636,0.9838137786428236
2639,0.9795748625051605
855,0.11169279027467842
2647,0.145304948536331
4,0.9799394381324362
1634,0.7211986574678769
1249,0.9530845376262221
2650,0.09169050099567891
2651,0.11392075548280158
2656,0.9568535728604877
438,0.4232471466866994
2662,0.03995487704377366
2663,0.7886204196773976
2336,0.10545918299966431
29,0.2589554130204354
2672,0.28401643008544786
2679,0.3882841114411212
2682,0.32055018224376525
2690,0.49222244057875875
1321,0.2686726226022391
2694,0.3973032473664578
2369,0.14109250722807015
2703,0.1201454746256225
2704,0.1336050825296763
2709,0.9206885029902232
2712,0.3572669796943913
2716,0.20588819652630297
2721,0.21037682546989234
962,0.3299587911638704
2399,0.20598933231282532
2729,0.5777661596332424
2731,0.6119638857653297
548,0.2441441381415611
1376,0.1586180442950233
993,0.14223780398935354
2745,0.4231045737537046
2749,0.09582129091063721
162,0.5369519557773845
2760,0.8273503723656286
2444,0.04626129490510849
2445,0.48419915540392866
2763,0.0500478672050806
2771,0.24542575908632494
597,0.2757363017875047
2776,0.10469186623313076
2459,0.21059396151435997
2785,0.09987941762587425
637,0.3439327485385291
234,0.5438793075638995
2805,0.2284054069342559
2810,0.2875322745172206
2820,0.32965216769815125
1097,0.25827130341479476
2831,0.1789439699474395
2843,0.3425365627255034
293,0.20651235261934842
2541,0.35664133701283407
1128,0.26921943498566514
2852,0.12754946884987936
2857,0.11518283905096793
2862,0.1948519371150268
2868,1.0
2870,0.22640647358781932
734,0.1437539871836121
2248,0.022767877135887165
2877,0.6452437734381689
2878,0.19823883029062844
2889,0.07912428740154613
2891,0.2665697241716765
1911,0.3155346064762775
2894,0.207308426935536
2897,0.8479664472214682
1927,0.4383648855089756
2904,0.5460535233145488
1204,0.4705880165988176
809,0.08978570611673051
2919,0.8533944739917289
2922,0.4649219670702172
405,0.14495732556450827
824,0.04172252503688936
825,0.37435301941600463
1960,0.19463582089438305
1234,0.10718485038883507
1235,0.4127875212885303
2936,0.30420040654054553
842,0.13645171278960963
2948,0.7673334265418741
2950,0.323725358855415
2959,0.210995754637247
891,0.2842524215463982
2962,0.35592744126413534
1295,0.22134385634654288
2968,0.47455864049224106
2970,0.19357070820344727
908,0.4636671331575471
2974,0.08757269844904009
2975,0.07784377841493893
1693,0.1692153207358351
2980,0.6980092872193314
2981,0.2678080863480144
2059,0.3210481483587999
2989,0.16804467937797307
2078,0.32196659123290206
2999,0.29892231254560414
3002,0.15114370865770346
3004,0.22855289763354555
3006,0.6197776753532331
966,0.6281756901166669
538,0.7890627492980169
980,0.11891168234114624
3015,0.6476933556476329
3019,0.2565049025092106
1401,0.041783001011040495
3039,0.30566945030061077
1813,0.4435110656821964
1431,0.39015371674057564
1833,0.1921009293671555
2161,0.4477420204604301
3063,0.1828268430609579
3066,0.7492013599731119
2166,0.02298587872391992
1092,3.098664810829859e-08
3072,0.33036814790578545
665,0.0748664995355148
2182,0.00033890298259238254
3077,0.3685105128103318
3090,0.5668528531636873
2531,0.26021768685138513
3104,0.3631598858920596
3105,0.180321143522038
2229,0.38429599933387837
3109,0.44674913062279475
3111,0.9557669282033584
1181,2.2273363807878315e-05
3136,0.1404466435579652
1191,0.352512798166352
3144,0.7482927340165071
2911,0.49290981742829987
1589,0.4196156300674978
3159,0.20842847291623057
403,0.9194488280783703
1224,0.42290597130760493
3163,0.3166934705526707
1615,0.1791089296110654
828,0.0779261712830217
3165,0.2010387836127855
3177,0.36696347472024554
3179,0.2591795388005353
1278,0.06378075726863132
1280,0.2544110201381517
3201,0.12984380323874434
3202,0.3062970774289235
897,0.07775603574391303
3209,0.031043536563340694
2969,0.44257796038910846
485,0.3082218699835698
3219,0.17168203762995984
3221,0.25222007003295466
496,0.26690108454599665
1695,0.01935130787172297
2050,0.3327742194718315
3234,0.15619090857225684
3245,0.24145016101001085
3246,0.08218483097696047
3247,0.23107487681098868
3249,0.356654784270571
3258,0.2776896083679899
3259,0.22940439145650648
2086,2.9361904202855893e-09
3265,0.09581440542118436
3271,0.230542999822463
546,0.20593736827309314
3015,0.5682704580139456
3279,0.2694528224907856
3281,0.10649477684585892
3282,0.6943824016715856
2104,0.0023405333719277665
3287,0.44693232516478243
3290,0.35985431297687953
3297,0.8384345842149286
3301,0.20216135443908695
3304,0.22640301729810308
1416,0.2440862247004218
3315,0.11685498714938429
3316,0.33365883589537465
1426,0.008639250164927035
1055,0.031061057208104256
2481,0.581799800691391
3323,0.18477393457035343
2801,0.21825162795842365
3324,0.3066192904161225
243,0.2039052370710417
653,0.17264868466056588
3341,0.3975780025556963
1856,0.8333648947352928
3344,0.1288401522219371
3345,0.09620517777737997
3351,0.4255333620104506
677,0.1711140617686019
3359,0.12433102551526018
3101,0.399587083575068
3361,0.6110598479867085
3363,0.07689920341394993
3368,0.13660168708057988
3369,0.1398724277623973
2226,0.9218269818986435
2559,0.32060792643612107
1163,0.2599317864987665
3388,0.6196160114696205
749,0.22015878738108555
3390,0.3700324288431189
1920,0.2753390364201734
770,0.15214889229989173
3418,0.40144453416474746
791,0.22405764454588764
3428,0.13351358954731407
3433,0.4397136113508741
815,0.12109463389949289
3442,0.04665324208773191
2640,0.6787180288735393
1255,0.6824633278826578
3461,0.13575166272707892
3464,0.34314684754086344
459,0.37685935771640217
3473,0.4249851331716794
903,0.5917569403295968
3475,1.0
906,0.10381365682249899
3484,0.4656475382202262
60,0.35034707723529035
928,0.14694684184101067
66,0.763961291382887
78,0.4901717549905065
3509,0.2171836241843937
3512,0.25528823158681585
3516,0.6421740027067071
3517,0.27983660283836415
3519,0.38782825187958864
97,0.6010245187600051
3526,0.2972455512344668
3005,0.40632675494603876
2724,0.5590183410712594
3529,0.32113650442402053
3533,0.06504145897611502
126,0.03809903640886625
3536,0.1576882151257382
3546,0.3657872016174038
1767,0.1229154122507165
3556,0.36914455164210747
156,0.04453561962530104
1389,0.6892367146121507
1783,0.23379430823787417
1796,0.6877915611921469
3570,0.18954454794928732
3577,0.4087075628514232
3580,0.3478959029210302
3311,0.21736360962967377
3582,0.07757571000313028
3050,0.13919803810819106
3584,0.3840108275833628
1832,0.5170867778464973
3595,0.2973165310129779
3598,0.35061278164538306
1840,0.1885508357302858
3603,0.00886258789163311
254,0.4302973568705695
655,0.7681791102107045
3347,0.12835128157037845
3621,0.38714784504237365
3623,0.9017508579706676
2208,0.15657786670007795
292,0.7433446694640443
3629,0.14224769088469685
3639,0.052659736029397476
2228,0.7941772604879014
1142,0.43683192476262894
3643,0.24137180768076158
1896,0.2737413158791768
3651,0.561723470088237
740,0.20871787394480695
3653,0.4327237263288446
3656,0.00048658794063841907
3658,0.11978861558623788
3673,0.502819405389998
3675,0.3624269271764828
3677,0.07994354686112906
2287,0.08079234181382684
3681,0.001856220510920639
402,0.17489399062075733
3685,0.28510629437639295
3688,0.2973009259833596
3694,0.20785858909519195
3696,0.5362291954927142
3698,0.284947760498088
3705,0.23932161157309437
3715,0.890209361350982
887,0.0007590431821412989
2964,0.018163081602986728
2024,0.124066055166364
2344,0.22617425287175655
1300,0.20715136151058813
3730,0.2769302050647805
3734,0.28061771124977913
3739,0.2112546764501374
3228,0.0669203085856683
72,0.8874163421337777
510,0.17838399407780453
3747,0.1974459024624527
1343,0.3064001945386597
530,0.3520455613018473
2998,0.4821339462050254
544,0.2571729406294435
1368,0.04549780030330353
975,0.2215238839307289
1754,0.4025307898818017
3769,0.2589671302731692
3772,0.5408619905664964
3776,0.2594825045678327
3297,0.5770882898939125
579,0.24211374273266
172,1.123036411556275e-07
3792,0.9327062084280989
3796,0.20474858170428906
2453,0.6719652046884281
2126,0.30980156617178845
3035,0.9999999999084761
3805,0.35022761083776344
1808,0.24166071026738312
3808,0.069637071546267
1048,0.20534876519127856
3810,0.32144199680042634
3815,0.14351817540270168
3819,0.13776485078045012
3824,0.19274470080734582
3828,0.20846728470802275
3829,0.7890849146563339
3830,0.2977247377607995
1457,0.09871583853743338
3831,0.27820575758434124
3832,0.06894099872425619
2516,0.1855096252413421
3836,0.6056658935650028
3841,0.8867129828628488
3843,0.3312897455964164
3844,0.777506029581584
3355,0.3042079184541685
284,0.38892812856459946
1117,0.5051778035505331
3853,0.1240678571963432
1876,0.34533824182879436
3854,0.18865311528993098
3855,0.18254854132847126
2218,0.2758437786024376
3863,0.11978779189800115
1530,0.27952479860320395
3871,0.1543887151720061
3878,0.27023377637508006
3879,0.3747592466131997
345,0.10243118733298534
3886,0.49017707939541266
3887,0.5002619485101965
1209,0.2720100742000785
3151,0.7283006966684726
3910,0.8658371533286688
3912,0.2373096986592039
3915,0.602214689915377
3917,0.3320342401472096
3919,3.389501913921318e-11
3922,0.6658377523575422
3924,0.2747404063007158
3926,0.7755316192292013
3934,0.12717651780025643
3448,0.2440645159661129
1979,0.1698267805986956
859,0.3285203722248837
1983,0.3529490355414556
3708,0.6615915174426668
869,0.2160911125350597
3940,0.22707800041980927
3187,0.09207931399862308
1652,0.1535261481248528
3717,0.26581321233241917
3948,0.13150829051515125
459,0.38694330053551423
469,0.08154011025225671
40,0.09847888205306389
3952,0.3132702336509611
46,0.032413247331593766
490,0.09300338568193747
3732,0.17354123133080418
3960,0.2450560426467522
3963,0.21682474735838955
1695,0.02242714323564202
3965,0.4071367682172713
3976,0.7343901833873925
516,0.21973853691987824
3978,0.09436877097014341
3980,0.11559832773280879
3513,0.07839218510011169
3983,0.13310161683169403
2390,0.10778881840666679
2397,0.0962146239067879
1361,0.39844699291609526
3992,0.27147843597769783
3011,0.6796909005196855
2408,0.35673821935868066
2740,0.2460681086841466
4005,0.17060093093087716
3024,0.10502533294621684
4008,0.1895658409537796
572,0.495955810972383
162,0.5369519557773845
4034,0.6246605394938343
4038,0.37373062332296125
4039,0.16220430030609176
3313,0.20691138185649185
3582,0.10743119623954799
4043,0.4677327081675526
4044,0.18047078864280602
4051,0.13251910671534295
4054,0.3676379101037144
4055,0.6501526588576082
648,0.2484178081772748
4056,0.9526144230095418
249,0.2143504036423425
1089,0.1835545340352499
4059,0.2843041702256086
260,0.8465259860133378
3345,0.09255414161692364
2825,0.16491557145766372
1103,0.2072815067092775
2827,0.40204474284929176
4076,0.23750350058953035
685,0.15306679280936392
4080,0.25033431510509707
2535,0.8007899521693288
2540,0.2465125955615404
4083,0.6934760556955424
1132,0.1873189756793525
4090,0.2138753968215402
4091,0.2211196347982353
3641,0.14361388931547148
2555,0.1819059730154947
1145,0.5241523750638875
1147,0.6513838389143882
1531,0.00046460982113572826
1547,0.17997731680124363
354,0.8624218169655805
3393,0.17156144716896407
2573,0.4947659168741704
1187,0.34817207655375904
4115,0.31983979719361677
4116,0.33862457971118093
4130,0.46776005160260686
4134,0.1281356628523249
3153,0.12953108671209115
3159,0.1922764828125952
2927,0.1327923118018777
4144,0.1946407469540116
4155,0.2143312943945803
4157,0.1395909598931121
2327,0.1988180244242731
4161,0.14692894863097591
4165,0.2531356126846797
4168,0.25142098328336915
4170,0.571150943380837
4173,0.754207321244042
4177,0.4339090514881375
4180,0.5543036213569049
4183,0.17255248799032344
46,0.03316592077334145
3729,0.14809036373098736
487,0.4214605922903874
54,0.2566742842905835
2685,0.422201741818795
2032,0.1143705713725364
3961,0.8003553914532829
1711,0.16653895913846267
4200,0.5132555108992795
4202,0.23117926640667671
87,0.21244386669139084
4204,0.16621261655769484
2382,0.05406651429339056
2709,0.9173511063815837
2713,0.9999999999999996
2998,0.5578172868495881
4220,0.5964371120357601
4223,0.6377199001798938
968,0.4487267164279394
3992,0.21741468182076248
1363,0.42735065747412987
2734,0.07751485018799754
2736,0.35563699392186465
4235,0.3372703417473335
4236,0.2401441070791258
560,0.12326168687340541
2429,0.7648289148229203
1388,0.5066635808046838
3558,0.30111402980040924
4249,0.21456279129830208
1779,0.2817525745971291
4252,0.3823911203072964
4254,0.30015216164823
4255,0.533190826613973
170,0.27616600248056233
3786,0.38527834231106006
585,0.16110964471809527
605,0.1489083496924838
4266,0.30517450528649115
4267,0.16455792884674755
2467,0.26962897342426345
1429,0.08632415314437346
218,0.14017568102070155
4280,0.7597600390768223
2803,0.4247772406283602
1077,0.20542710856809912
4288,0.34068393349670495
4291,0.36194690312519934
2508,0.5775082533277441
4060,0.38198531749861486
4297,0.18155947876258569
1495,0.09895749107585196
4308,0.21331310966012662
1883,0.1486581808214128
1135,0.26667914849655033
1140,0.16941237886484292
4317,0.130494986219352
4321,0.34913542091967514
4323,0.356087436515022
3876,0.22206303347723813
4327,0.45359488705081435
2245,0.5689445492151721
342,0.140284951628419
4329,0.3301709201823631
4334,0.9468941195701305
1178,0.07870508874292154
4336,0.2456103056065586
4337,0.17162738289684154
1919,1.0
4341,0.2824456464570181
4344,0.17939996855787754
4345,0.5351960239679667
4347,0.2667877130421562
3414,0.1638613297164074
2909,0.2728205689467434
3899,0.4069207804981067
2917,0.2286662384142566
4359,0.21439704926799394
395,0.28134958257901743
395,0.2775265336021269
4364,0.20044133237194386
408,0.2349927948268698
2928,0.11313079994028694
4371,0.6674473796393757
2314,0.15115484799233314
3456,0.2125301487971801
4383,0.33375961906610413
4387,0.510333289181306
4389,0.1334807597898666
4390,0.24801488255767018
4394,0.283767912561412
4401,0.11345602150640242
469,0.08012939383443861
4408,0.37130263470976643
2680,0.047922605665219185
4412,1.146131872902599e-05
4415,0.9899959163292282
4417,0.8849562255839795
4420,0.1956964312745385
4421,1.0
83,0.1011030861378542
4424,0.22475315228900958
4426,0.42928424329504
530,0.34772669096756814
4434,0.11610711585901201
3258,0.28633932386498984
4435,0.328024481446285
119,0.24411110480487438
4437,0.04055127356889148
2730,0.04522161706879151
2405,0.14599615464636143
4442,0.07004103536375712
4445,0.23769152639136856
554,0.06522940970321182
4452,0.2611379965881491
4454,0.3590642089290907
1016,0.03826014711993421
4472,0.18509946976222394
2116,0.11582385610818938
4474,0.34206806139976254
4476,0.643563825894582
4477,0.2592664961105903
202,0.241862981874775
204,0.6668959887111441
4484,0.2927289234709502
3332,0.2652428641100741
4504,0.062032072400163674
1454,0.5874181398476296
2168,0.5691818607553782
656,0.40318613075424736
4512,0.5719591686235262
3072,0.3084487403956746
2825,0.15920983212677375
2523,0.11398974349237954
4519,0.29444921682630515
4520,0.18318437827743878
2544,0.07798244220145994
4533,0.6104840747989854
4536,0.24926085415383217
4537,0.1986060489989133
3118,0.5084122665700602
4113,0.4458902593166758
4558,0.008917245966282277
4559,0.10940886755234512
3671,0.19216971121051146
4561,0.351591833324996
4563,0.55475625518205
4352,0.32894426229080836
3149,0.2998551804717536
4569,0.13261492859978605
4573,0.32700394706435465
842,0.14156425858080912
1625,0.255985858182771
4583,0.9512332333299633
4588,0.7858613968667549
4590,0.8806413866307855
4592,0.23085170588956302
461,0.23312142401806055
4599,0.09641162785432379
4601,0.07507431699483974
4604,0.09801599433611591
2036,0.5956135398997042
4607,0.38352039472256844
69,0.04123937963390319
71,0.8067714730697226
4611,0.3549594887287012
939,0.07912921266814822
1714,0.22814781988930166
4615,0.9999999999999987
4618,0.17392958445459997
4621,0.2291552095519584
2388,0.333345981650176
1354,0.6164798338759014
4624,1.5926415457796447e-06
4628,0.017584207596315897
4222,0.509017331134139
2403,0.31385051683987414
3764,0.09196837112663933
3008,0.03631913630779498
4636,0.9016135643588249
4639,0.14933791052183348
147,0.28093932054864135
4642,0.12154038816896101
4643,0.02994146830544127
1007,0.44333172654092856
4646,0.2122519651587375
4016,0.523732345626245
4650,0.13585875999388813
3565,0.08424962786576198
4654,0.15596875294310497
4660,0.09394295295671515
3574,0.7706941786921485
606,0.3538637603032644
4039,0.21065229003852443
3805,0.5539887134529368
1038,0.5366344544782533
625,0.09470822460481215
2791,0.19002519723036565
4668,0.1762296583406965
4049,0.6731843708530975
3814,0.5779868177973583
2799,0.3535896513626277
4671,0.2344084268674883
4676,0.6600543213486775
4680,0.6897431553659947
4681,0.23477520989637565
657,0.3450013257240473
2177,0.3013922083223081
662,0.27160734593258734
4689,0.13711037426232542
4518,0.3659413083214586
3845,0.42291219525851786
2203,0.16678644209258855
3619,0.18852161182048038
4697,0.11361012181047833
4698,0.6242611946728658
1123,0.36367093905364345
4702,0.09826810306530377
4705,0.1019706229515312
4712,0.24134817112621726
3116,0.17795759275502096
4115,0.3300434264866263
776,0.29715974123969263
1578,0.2553666830688954
789,0.40720605260289416
803,0.1651105032462252
4357,0.1373728255568686
4747,0.5535644228649245
3921,0.09733897472439731
4758,0.9076530099565691
4761,0.9087577795462528
4763,0.8040081648919503
1977,0.09885464009783147
2643,0.3752166711162471
4765,0.10728144751018388
4767,0.471321722298728
4771,0.13315958661877564
4777,0.20634358593451108
455,0.42123582666741666
4598,0.05067437928906229
4778,0.4260161410702479
893,0.18167934608751896
1316,0.13914366609607134
923,0.7659593957336563
941,0.1885518115829376
77,0.2238137620273476
4800,0.24665597928846283
522,0.46325815822235006
2393,0.1745530567238706
543,0.25963571640489536
4442,0.1503602214242675
3275,0.3435716598351444
2739,0.09379637753863328
4004,0.6085812962402067
4827,0.49026376359471074
1387,0.43388415882477593
4839,0.23632658855099076
1800,0.17752053828468572
4660,0.09036918511418524
2464,0.18017365476187922
4847,0.4577121675868132
627,0.25287554907077864
4489,0.3732925029554327
1822,0.09910711637517307
4856,0.6661773807300083
3330,0.2112395585730551
3332,0.26989402869977486
1091,0.24265217688461363
269,0.9318199484085886
3613,0.25451396263687803
271,0.1666921275743947
4867,0.3904342833356189
1868,0.1721204786812338
3358,0.21893492221662925
1126,0.45926361855623715
698,0.3330240393518052
312,0.276927414848463
1133,0.5280274298093902
2226,0.9560551769685651
2555,0.17573610498209508
1164,0.6086474627537826
4107,0.12298736194764048
3655,0.21593367845302086
768,0.18307230712408223
4910,0.7024330521392562
4915,0.3955454183701428
393,0.25778595260012593
4919,0.30425428089691614
1951,0.5270168609396345
4921,0.24998923619632657
4923,0.013456903102170976
812,0.008094108405734018
4926,0.2254527226425914
4927,0.38007589847332657
4935,0.3551268732800573
2637,0.6063881323892485
2940,0.17539013510195642
4940,0.7766067640345586
4157,0.1346201551035107
437,0.6045613722225559
4951,0.3751482655515417
3938,0.0907387912527007
3469,0.37068679671193516
4961,0.6890439913999202
3214,0.29479819132724183
3732,0.1769716692039867
2686,0.7330995476726763
4966,0.29650794038552275
2032,0.11871859935579489
4968,0.14105985594823894
4974,0.1250658180842802
938,0.22439780950207547
940,0.17191924429268007
516,0.21569636224025932
4984,0.9590118356512425
3760,0.11099512754206714
2079,0.3426402648618715
4991,0.8846871787801391
1368,0.046329518893469285
4002,0.5792674196704765
5002,0.6700792740440041
2753,0.16342992608230988
5008,0.30243435435337696
2445,0.5934450377080924
4653,0.15926661093617694
1790,0.1643902182550871
5022,0.5474074234448666
3577,0.4111582500723291
614,0.28542482228396493
5026,0.3814017574865229
5031,0.915498700266571
2146,0.6661521870529226
3816,0.021879907751565827
4673,0.14606312511331895
5039,0.1837164833246232
250,0.2039534907728464
2814,0.21572119421824676
4509,0.1969475934969371
5052,0.49848341319468553
2197,0.23457388699255471
3620,0.2234023906329794
4698,0.6461639151420697
5061,0.7978610791732854
5064,0.40128911194669076
718,0.6085535578156286
5074,0.09267635778130673
5075,0.34684803881243176
3108,0.712429596263824
4711,0.16280977189497017
5078,0.3517274849669101
2235,0.2985391321785108
5084,0.9587681376061359
5087,0.2950598934213163
1902,8.167373734722696e-07
5089,0.6740785746815579
5089,0.669893470016661
5091,0.1396493281759
3656,0.06810961205212694
1185,0.10409719699982817
5094,0.9999999999999991
5097,0.27454213850701004
780,0.1729930674551617
3141,0.18456895909144777
3673,0.474720010969381
4344,0.17319668639338898
2912,0.11133309542340314
5106,0.9170568156719665
1212,0.2207384984205237
2296,0.4780271652082701
3440,0.10408567599678512
5112,0.22188668997971842
3921,0.09944434953144363
421,0.16489214109713043
4150,0.23739516359340754
1971,0.11403286462940965
5119,0.2453659321855412
3453,0.3480707114756478
5123,0.6893143329105835
27,0.583868515665422
3194,0.4713381790583758
5131,0.8685671616705881
3473,0.41458022891331225
2022,0.22325649753922097
2344,0.3015059482681994
479,0.20703219143958618
5134,0.3484685262433996
2033,0.0425127582988032
1714,0.23575804714145565
5143,0.6954381658681836
5148,0.9440287279968129
5150,0.31248010970204076
5152,0.8317374081989461
959,0.24126981462135869
536,0.15858455576637714
122,0.0888288496820119
1758,0.5164098423481911
2409,0.25565903265894
137,0.17076665407259284
4640,0.12578525584080616
4452,0.26870173723967183
4825,0.3325638412486088
3776,0.25494811091368086
4466,0.26284789728693286
5188,0.1254480125572748
5192,0.01804440060449267
4480,0.07892421371441809
5198,0.5295037688694092
5202,0.4523707613185189
207,0.27919212274996297
1439,0.17081597599826429
5207,0.16841684474094948
1828,0.23784276194522289
3823,0.9994372202362288
2496,0.8598280502192601
5210,0.07942774471314451
3610,0.28129951297428246
5222,0.2724448663732748
5224,0.11426121058836303
3626,0.21955055300786003
4875,0.7664038613563722
1503,0.4474274574158687
5236,0.09958365468563007
5241,0.1775332342269139
2217,0.15746563735281166
713,0.5836386668965398
5245,0.2959069369625884
4706,0.06045633065455087
4317,0.13266453091268682
2231,0.13845593684188445
329,0.06364890339665773
5252,0.410552724521762
1542,0.058501412225600756
5255,0.8775675934728142
4732,0.7565009526686831
772,0.15204644391370553
2589,0.7123443860194296
1223,0.4523490773935708
826,0.24907272719934
3919,4.2598373009478917e-07
5280,0.3787614376445743
5286,0.2689163673195819
5290,0.5791779761098976
5291,0.10906406765237661
442,0.32857701513334775
4593,0.8106041080329652
1269,0.4460809779560986
3715,0.8224055090805704
5295,0.21312578071165483
2020,0.19203896340962173
5298,0.22357743000656224
5299,0.15700935398862698
5301,0.04567145025137528
2971,0.3378714769415748
55,0.9572980311336073
5305,0.539980653069084
2044,0.17569173706513286
5310,0.5061271460856102
2702,0.19189250502455685
5313,0.37472240937262646
5315,0.27297742998881724
5317,0.45975286883810684
5318,0.17743880700985543
2719,0.418817800506171
4215,0.1639801441869708
118,0.13413298123505288
3538,0.17837950766810354
5328,0.1982414963489917
4460,0.14874215837277835
5337,0.1936988347766059
4021,0.27688363732732524
5346,0.6774926048463357
2124,0.13660892008295575
5355,0.5009714932016943
5356,0.19603614137304154
4042,0.12031508829816066
3321,0.25659382155534
5361,0.9608361200871589
5207,0.17590173257500316
2519,0.11789985957207559
4689,0.13487943041480058
5377,0.22258106837136274
2190,0.6997812671945558
5380,0.24047045513527893
5382,0.08169059532956825
2203,0.1694417720651178
3098,0.2047157761186647
2865,0.16388317730117027
4095,0.3121356068609455
5391,0.897771211424704
2869,0.6046946638746074
1536,0.6800680945387978
4540,0.19836104343280722
4329,0.320945070706096
3881,0.08953887066860244
1552,0.36079563230523964
5403,0.3572937240536405
3892,0.7781440480126842
4342,0.05126386615889959
3421,0.23467897285933959
5413,0.7025428605114095
5415,0.4326719867767963
1622,0.2068936383467112
1254,0.49048848722948296
5432,0.35099518098579663
10,0.665218461164426
1263,0.23923109003524942
5435,0.10204025358959268
5436,0.268427835143368
2661,0.645346463321536
894,0.10997474081039785
35,0.14953528100965205
5441,0.7679026081237517
5443,0.6530667669204816
3484,0.4575778121064882
1679,0.20527085065735307
5450,0.9081783523812494
5455,0.46022945329380055
4969,0.33701941805002456
4420,0.2692270949288598
4421,0.6355453378552292
5466,0.9639636351382601
5467,0.2310611736639924
525,0.15489490657172664
5473,3.7211133946746964e-05
529,0.26258004786742056
5476,0.34648981537108814
4625,0.08547092132227649
1359,0.868042664070435
5477,0.13394170700760646
1743,0.3715787753858176
1744,0.28939623900294065
5478,0.386048090711461
4225,0.17400981537514126
5483,0.17959007720785217
984,0.6804694059335236
5485,0.572469265086249
990,0.1741015481076277
149,0.1032625791543036
4454,0.3563109539169382
5488,0.9996624145800481
2752,0.2279368630574069
571,0.28442755157320243
3293,0.3713091389102797
2764,0.09142689924881361
5493,0.4756662099998892
3300,0.26678230407449527
590,0.14952292399100453
1039,0.19736750059488264
203,0.09199276171273145
5205,0.2031089189882444
5507,0.36123383453718
220,0.5234256544625873
1435,0.06391240898669823
227,3.1627209204570626e-05
5037,1.4883474220122786e-07
5510,0.21277566624510308
1068,0.13073228766182035
5514,0.40304836788316684
4676,0.6694185039998737
650,0.04806967287439822
4858,0.11774502637593655
2511,0.3499237550840883
5520,0.0012628637764451934
5521,0.3191994425295084
5523,0.36276456512840033
3617,0.20987415521645278
681,0.05043915451614278
5531,0.857202307667356
5054,0.18973004699629145
5230,0.31544848028909156
5537,0.8193178757928073
5538,0.32532063825296725
305,0.12592934785610482
5545,0.3122541690653862
5546,0.27549230966399035
2235,0.30253043058327
3653,0.42226849308212305
5560,0.224870854909301
4338,0.23768911844675888
1921,0.09968828369240498
784,0.17736106496559573
3895,0.39973409572539115
1239,0.12858109449910346
5581,0.2919457255417504
4171,0.2179652775169664
5295,0.22037799294412574
5587,0.22095281496232774
5592,0.27315738938062495
5593,0.8424162597242761
487,0.4319107766425911
3494,0.4747728388160135
64,0.09840099700058787
5606,0.37903360543688563
3514,0.141363756073835
1728,0.3097322013163835
5608,0.5267114174568028
2076,0.1665488847949181
5620,0.1263516704879072
2400,0.5688495823562573
123,0.2933365274976703
5327,0.09207988020819532
5628,0.29169857580515995
5631,0.9511353784932339
4640,0.1241335575207206
5179,0.04366449490697898
5635,0.005815542499243959
5638,0.37349332049697825
174,0.16355761667359592
5650,0.06705433231304223
5651,0.5189373488648216
1033,0.5158688877708705
2777,0.19474893309494484
198,0.3998661708729053
5652,0.44947561148344733
2780,0.6862206160066666
1423,0.3533790835445893
628,0.787595551783035
3322,0.24053308209097282
1826,0.18457550352741017
1061,0.7530812010080992
5663,0.2608278391886795
4285,0.5775164419143938
3329,0.882936134155583
3330,0.38258667914697103
5665,0.1165589484227153
5668,0.2645039051732726
1456,0.49907899667499145
5671,0.16341116747629608
255,0.1255639236806886
3073,0.43827025773038136
5677,0.2983739381061053
5678,0.7719976480567305
5685,0.42471293352531797
679,0.17499182913672215
5691,0.00024230887002463821
2535,0.698939271685865
5692,0.7399126939150206
1507,0.08289010360879703
5698,0.6448386361815572
5701,0.39007042643997974
1525,0.5950758069757817
5077,0.8473287537619935
1526,0.1513018322447448
5707,0.26067752613907197
1553,0.35266475643799183
5719,0.38668730872472273
5561,0.07551323204813587
5722,0.1929736224243978
2898,0.21272994473440973
3664,0.13690959097010333
4911,0.1605191999794239
3138,1.0
4562,0.24157903690367674
4128,0.12075541916736562
3147,0.6759232107882579
1584,0.170753917591591
1585,0.19726925003156368
5730,0.1722929947047296
1219,0.26352414944706426
2623,0.1238886996839975
827,0.6334414881773341
419,0.23324348790217958
5739,0.584880381595664
5740,0.08785726502904447
5742,0.3249984160292179
1998,0.1991632377364549
5294,0.08302127836984978
5298,0.2277244140487789
2672,0.27554972003419476
3481,0.12591685060206698
5761,0.4107822684381561
5763,0.13775579047228245
5764,0.27578485589497886
4984,0.7615694348371912
3515,0.2938226673219788
4211,0.23423248885924466
4623,0.16890255922235012
5771,0.19786416652291253
1371,0.2448776078171538
2102,0.08731572377879045
998,0.6216123850550621
2754,0.2529201637588943
3780,0.08482114491201644
2758,0.5421847648070156
1410,0.24355358201543853
4028,0.2015824641281637
192,0.9379436313959407
5791,0.17644446664179791
4844,0.29484492165821735
611,0.2998612005078228
5793,0.9187055815239539
5798,0.09858881215287839
5803,0.6292763214892745
638,0.3820115332965348
638,0.37642438475014234
2482,0.10853976492245873
5810,0.3394903541043221
2498,0.18703641107188504
5814,0.4032870196295959
4060,0.38647757640962144
5822,0.8074172441158245
4070,0.23957068548684807
680,0.14476682992499912
2848,0.25929646596462413
698,0.32882010224950076
5237,0.156779960455356
2857,0.11326185014335576
3639,0.050568807739854574
4881,0.1421534363501971
2227,2.5874924619732416e-11
2241,0.2592255932299212
4718,0.16675036939246055
1541,0.3417270433637504
5842,0.11929022170746442
5844,0.9483288585355844
2881,0.4726680893360582
2252,0.1836986684014367
5716,0.40264159819324224
5264,0.14088857948621977
3131,0.14829904464628135
5853,2.7495173792063853e-16
1193,0.0983968175942007
3894,0.141515062424925
5862,0.15423470247872484
4570,0.20353307002428647
5866,0.3415045153060018
5870,0.14303779805756578
5871,0.9379578632200347
5872,0.047623282012099644
847,0.2397552769559114
1248,0.8727266887392663
5881,0.09794794691863816
1268,0.22093657045314344
1276,0.3526040664548551
472,0.3488863534914133
915,0.1927996565530581
56,0.09192750015212486
1708,0.16032020789306636
5901,0.2953707098685083
5902,0.5061267334310169
2382,0.025591902006061432
3245,0.23383795078279626
3249,0.3209858920394777
2400,0.606496311856429
5914,0.11548871586682699
990,0.17071520503317142
140,0.13934942264379996
558,0.5475833007629607
561,0.768856677409415
5922,0.7664351258673406
3025,0.34772355161912283
5927,0.258749322901962
5928,0.1340618984034972
592,0.35890338626889823
5193,0.08876770118749422
5195,0.22437611300781835
4478,0.2520277777232988
5934,0.9606705619999296
5936,0.22051273731335605
3313,0.210833180545772
1817,0.0018429761383932095
2497,0.3399014190138192
1087,0.3689986260376936
5954,0.28583514808940613
3832,0.1365008708397227
263,0.0004723486251652521
5956,0.280515970095806
2522,0.3493743957556024
283,0.46998179224334985
1120,0.1788031935644981
1872,0.1971377707723014
5970,0.1389478388156894
298,0.3142374351946733
5829,0.3698148722901195
5980,0.672050843742615
2868,0.38085580635374233
3647,0.5197266319501529
5706,0.38562448358908175
5984,0.21101467532052984
4543,0.13615698479597602
3388,0.6130821266390529
5988,0.3429057695120343
2255,0.3378642921798817
765,0.19149279029649094
4554,0.020540559923635807
4348,0.14966045354653146
3415,0.918566941245048
2590,0.14661118879101961
3432,0.1776326972970613
825,0.3699167186580113
3936,0.0339696848982124
3452,0.13180600991505162
5580,0.44753985336637375
6012,0.6979802805782764
4596,0.25580157351189237
892,0.00244428122885178
3471,0.26225745081637375
4180,0.5439003459160967
4797,9.086691791468607e-12
2697,0.2212147787367202
509,0.14748652248170555
5148,0.9689598383875655
4984,0.8474794478133442
4209,0.41925703958449495
5769,0.5322362468152825
5622,0.15543155452524832
1745,0.1499962402580026
4220,0.6341072487492957
538,0.7918621016580364
3997,0.23651280663857438
2404,0.0954864457874353
979,0.7149245541624539
6048,0.3754688426284526
2750,0.18798169426352138
6056,0.18615106230960976
1013,0.14447712532685772
1402,0.4825738123135394
1788,0.8266654726535003
5018,5.844907036274331e-14
4839,0.20953881608196603
601,0.16193955015635006
2776,0.10292549028370553
4267,0.16132095474934927
1430,0.6346184723650726
4277,0.8362276304105708
6071,0.47658724178880957
641,0.09828168467099502
3604,0.3734157246301859
665,0.0748664995355148
6080,0.2134671892872843
6081,0.11610767399810794
5052,0.48798074503864314
6083,2.0613167510587135e-114
4526,0.1685007648472195
2213,0.2286630257443924
2545,0.18125473161027048
4087,0.06187136157949635
715,0.37101569474398216
6091,0.3054612399448805
2553,0.337651331661975
4316,0.321938636434176
326,0.018145992183041994
5848,0.2649413928829799
6105,0.6145589823433325
1193,0.09467131992409897
3675,0.35696076454556486
6111,0.5054866810713226
6113,0.14248514051900432
5425,0.205721282792473
6115,0.181113154561869
2304,0.19599275480541892
1233,0.23907526400163134
6117,0.0890941711598117
3707,0.2532774552894094
6121,0.34404362383517834
3468,0.6990593231487291
457,0.12472877397320356
463,0.405590000151644
6125,0.04141102549471831
4601,0.24408922949859443
2345,0.08189472009848921
905,0.13227998706709593
3955,0.17572189055547818
1685,0.8270609479724246
6131,0.24104450715651948
4790,0.2512266694541189
2357,0.7751192572443307
2035,0.13610441343282395
3739,0.20433799796969437
6135,0.21347530671450296
2049,0.09214163127024878
1329,0.22322553322378028
1718,0.2176971176592625
2699,0.6112688823190339
5467,0.18311227519578427
3241,0.38727261847517624
6140,0.21181022902851446
1356,0.2328825019201711
960,0.15909577286930382
2401,0.5058804278135809
3266,0.03640788605963147
971,0.511659286382504
6143,0.021813692480922898
5165,0.3350591320148342
1762,0.19661329317319604
6149,0.1628490953608627
2426,0.5440508657301638
1002,0.4174245451904409
3289,0.32044984781560154
4030,0.26043988574873084
4480,0.08031556492028312
612,0.14238624575464512
6164,0.4470130151581847
1036,0.28689645332492586
4278,0.23127759423224112
1059,0.12117013504302213
1440,0.10241711421661077
1065,3.0710171924412304e-13
3593,0.2926627520652039
6171,0.04417508473216848
3066,0.7527520996867402
4681,0.22059024020951737
2167,0.7979805126498862
5043,0.5461976510317861
1854,0.6833568045799189
5818,0.10206594122556266
5216,0.2945489151545811
3072,0.4015270679342832
6179,0.3109824330006776
667,0.13010870903515284
5820,0.1248075996245139
268,0.2211014601146655
3613,0.2590433193958746
1105,0.20797126229177873
1115,0.28880845698358354
694,0.2634334522864848
1507,0.12952466446592542
5238,0.571935637197573
6187,0.2459950319285689
6191,0.22710997925720688
2877,0.9945837705042208
3389,0.1412344926326059
2571,0.13016046526588818
3129,0.13603334374736525
3412,0.3145939109955267
4350,0.9711038747902865
6209,0.15877570580649902
804,0.12371832474958736
2606,0.16826223691074585
3439,0.3569541438006082
4371,0.6461406384245626
6215,0.16356548663598577
6216,1.1740381635504343e-42
6218,0.17488881075062382
1245,1.0
3700,0.28391303517568844
5120,0.24553738361107413
444,0.7888691430426663
2007,0.3761401109368012
1275,0.1493226098361809
6230,0.48417776267467605
889,0.21536466795530074
2020,0.1957484461996744
1294,0.41551814257571873
3476,0.32310666775693386
5446,0.6180436637811324
6236,0.1944076202708323
931,0.21628036704247397
6240,0.4166312888540568
5315,0.2815375770777968
527,0.17348169577207773
6256,0.21274433718356894
2734,0.07888348363762997
6266,1.0
6267,0.22204206139011337
1795,0.20925712765329757
4474,0.3326748815674838
3036,0.24618439171730905
3579,0.21248578046181607
5356,0.1907920788672084
6278,0.19972509975428518
2787,0.4346632991548063
6281,0.19549797072385172
1812,0.26399422939253087
5507,0.3771696679229712
634,0.9858403394566017
4669,0.13309360303194484
1066,0.08297670854794147
3827,0.5553529587215665
4502,0.2082248881709942
5813,0.18860912290295478
6287,0.320631567190894
6288,0.3587356084604932
6289,0.9577358164453855
655,0.7388745573006954
4861,0.08650335418917697
670,0.40732358363364135
6292,0.11166457901017046
4516,0.13045484811508698
294,0.16303152460142106
6299,0.25839817242950147
5536,0.7193150579010823
1132,0.18444570634627497
712,0.4472657531498281
714,0.9921663170533086
6302,0.5660990115073521
4092,0.18861515203372642
6308,0.5841080903539673
1533,0.669796159290145
6310,0.16238168022716626
6311,0.21218440746088799
1544,0.20265863837190534
3386,0.389200202386299
6314,0.3129879738507338
6315,0.36242347269823033
361,0.302516562123629
4116,0.38002977258045384
4117,0.12889717207966653
4560,0.16606822788444373
6316,0.5070144014503116
6319,0.39771467024041035
6320,0.09938959488593789
4915,0.38537822065778155
4746,0.1329440344621331
2292,0.18772478701361484
5572,0.49858447993306976
1960,0.1976293636562777
1239,0.13072360359275734
6338,0.2582059398081037
5289,0.17448302577723734
4161,0.14552479575515295
6230,0.4782527452577548
30,0.6319147212967765
4779,0.003628942981904241
5753,0.9274792807026969
40,0.10233727742758054
44,0.4007611393372975
2351,0.6085086260295524
2682,0.3132605006067192
2688,0.748682808630982
2979,0.22692519734790856
6239,0.1645533008712817
3501,0.3962344510708787
6350,0.3553248245571651
3230,0.14544670175649818
76,0.1166400325868581
2374,1.0
6351,0.4879777658112392
5312,0.879418526091919
5149,0.09969826736316738
6352,0.16036768701036147
90,0.12250009321546933
2389,0.16337026101122668
101,0.03980113418007899
3001,0.8355906984882745
4222,0.5030848076823783
6371,0.069278052071972
6372,0.2940373933302124
594,0.20669048891226416
5351,0.07808105865708288
4036,0.26626061389767824
1805,0.11505047215095454
4665,0.474142674526801
1047,0.11563106860906028
6380,0.18671348198184362
219,0.1454490210325865
6387,0.4678845465507857
3599,0.12372512382519668
2824,0.16889329601244726
4688,0.7570088176694532
6396,0.1949338735882797
5225,0.2414217357172945
3355,0.29920775245403497
281,0.7114224598812592
2211,0.13981529942195425
1153,0.058964668364065616
2886,0.6717452775560091
6420,0.856182338107307
363,0.28419151278941207
6424,0.5287557407899601
1932,0.26796360271776504
1569,0.18295731693897743
4566,0.28353887007216017
6428,0.49181860602599975
4572,0.1997527721835028
1244,0.23298861265093004
2645,0.26825484875571415
1249,0.9173903898062975
3452,0.12964840647078948
1252,0.21820331732433218
3706,0.5014352681210885
1995,0.44662441171992845
2658,0.21196280779385665
5436,0.26012197445118657
6449,0.06453211242976056
6450,0.14838483386386447
6451,0.3915293346838256
6452,0.926521550849337
3493,0.12898769064298538
1311,0.11000698748353521
3221,0.256722662414912
5599,0.2766322771560653
4610,0.5178474945679569
4614,0.2301583218953054
1344,0.31928499944053235
3758,0.044524857596802137
3006,0.6846001392185981
4226,0.39836272814152945
971,0.5688076035422654
123,0.2884409751681518
1369,0.20515945643553452
6470,0.4968950404300483
4639,0.1964616379023413
5777,0.23992434768173498
560,0.1279532579346669
3284,0.4570254998043827
6480,0.5985741094247756
6482,0.17800611245146292
1007,0.43748262211139644
3290,0.38542004494706966
2762,0.16898246994803928
4259,0.3350994503900383
6483,0.21927401413308856
6486,0.9604369100029769
6486,0.8274979902218046
186,0.4820931135704119
614,0.2748337775593943
6490,0.17325830517465696
1422,0.003765354802684341
6494,0.15171732813112232
6495,0.35403695938649327
6379,0.7337246094119727
1812,0.2603215834300749
6504,0.18552692759728232
6505,0.06778103110100825
2487,0.15162833472557535
5665,0.10717072641626868
242,0.07011365516240617
4290,0.17641564632064266
1083,0.10765080982325065
2813,0.13135024692550884
2507,0.2841758884723492
6519,0.2605775941119902
4519,0.30340169447111986
3845,2.886333253284235e-07
3620,0.22012555853843624
2538,0.40846988497654735
4876,0.08073005343562409
6528,0.34641702627840915
4311,0.8420677828161404
2549,0.4983433642561293
2228,0.8063738122547676
6543,0.2529876230207374
1900,0.2895039545577656
2879,0.5667015310238952
5552,0.501127088296499
4335,0.15603806986674512
772,0.1551317436289376
1562,0.39497216349343967
4558,0.039118941227076945
3141,0.19108541940286908
2280,0.3563104801420975
3901,0.4995046554936803
1948,0.18542941436984356
6557,0.21400989975037624
5735,0.2713330488246278
4153,0.3096101406886467
4378,0.0025914701313391165
1657,0.2782700743701992
6575,0.3058300256430192
6576,0.24736880837564698
47,0.36017282561065106
918,0.09601853148310831
1312,0.14518052095345937
6585,0.11112424666512043
3973,0.022965691437090794
2379,0.2819573563405585
5316,0.32012634163428616
3245,0.22455955397858227
6592,0.499728270673595
6593,0.3151708475104723
3276,0.19744559243522605
4005,0.17330435834283678
1376,0.1529993774013654
4827,0.4855198132578107
4463,0.12428537736205418
4468,0.16639534275385115
585,0.21460629124195946
1411,0.15096097509955686
4841,0.14444531628861196
2131,0.2491509948644417
6498,0.22765159754099806
6610,0.2336398226195078
4052,0.16683380738119502
5660,0.2632837742774066
1068,0.12805869814314733
4054,0.3577634751237191
237,0.19371526460787167
3825,0.13275394548711325
4502,0.2183664362756651
1455,0.296421291991027
6618,0.0003948295495813406
3080,0.5736189082734539
6626,0.1883567460457689
4522,0.44288824126263643
6629,0.5061964570799341
6630,0.6326370580405234
2862,0.20164167507958786
6096,0.10299422358928453
6640,0.4042218733568016
769,0.17630121437783683
6645,3.5511398197481257e-06
5411,0.6973802389008621
1210,0.25543475513946706
2290,0.05208026834402321
3154,0.23819130151669593
6651,0.7392997285333434
1613,0.9012467568160093
1613,0.8995439654862367
6653,0.2973393508372184
861,0.20687704143205965
6657,0.1960980270217501
4162,0.267849787152507
22,0.23350499304974653
3722,0.3445144411814255
3211,0.1950331842640791
472,0.3542969965940366
3476,0.33251981230508243
6668,0.38716189786934574
5597,0.4424121098658492
1327,0.5318881867781484
508,0.5778976202210334
6671,0.263194473345366
4798,0.14542818623877155
2985,0.03966020278580272
6673,0.44287795548697045
4622,0.1777194782818555
5613,0.09627124914189317
6678,0.5370814536209436
6252,0.2719242589094337
3008,0.03715902585173896
6472,0.1355991019901247
6474,0.25718928039697403
3549,0.5086525034460749
5004,0.37160216493019826
5632,0.18525809267397458
5175,0.562308103043844
4642,0.11705239157575865
569,0.02364467143424308
3300,0.26308473533420457
174,0.16948643214075967
4029,0.3267749418698032
6702,0.004356897782891079
6161,0.1879160670354211
2135,0.21018229186806084
623,0.36612029182666855
5359,0.19007538568464566
2146,0.660853287474292
4279,0.08405083922154731
4280,0.7640653086467356
6709,0.8963536278405386
3323,0.1821826466454142
4057,0.031061428594589085
3605,0.7719190531518257
4508,0.13504016911722153
6714,0.0804666580405684
6715,0.4300394747948753
267,0.12441650743867246
1881,0.6179299184403926
6725,7.437699802120771e-22
6727,0.7066849816496797
3110,0.012985986227558127
6730,0.866074107137722
3645,0.1290949173080566
6732,0.7473659560200226
1908,0.4066996152421903
354,0.8673319988218199
4734,0.18962695466161994
1561,0.4167288135606238
4115,0.3163704851225938
1931,0.19627059374673947
6745,0.9043134766031728
3899,0.4545347418894856
3901,0.5101834787311161
793,0.14528035278258916
6749,0.34065276869250594
5735,0.2629696066745086
2305,0.2356811852589181
2639,0.9994150362648384
1979,0.16388840878804045
1980,0.1632914987799551
2944,0.041594230393762845
9,0.3730784693906318
3185,0.15323145913709785
4598,0.049544727117517326
4958,0.490996566918686
1285,0.35047836295889884
4404,0.07689288763438042
6760,0.4493826585428118
6577,0.4590778599773735
6764,0.7532347307098604
52,0.1003891378736101
3958,0.5110216567412019
5759,0.19224984994184247
2687,0.20313263222713823
1695,0.039867293133564366
1696,0.10684933678512883
62,0.12828115662431178
4796,0.09096879703834773
4981,0.060473247299978265
87,0.21644191000834245
2385,0.6602768025705542
1727,0.3925082310848449
2072,0.49940280318107516
2727,0.07466090160517441
1750,0.17164138461731437
6597,0.43321218626285196
3541,0.07628331007374652
6773,0.5013223275457621
139,0.14813848104408897
6050,0.35784998702760956
5005,0.18477478126590552
3292,0.18159385857841925
5184,0.7133814701526546
2113,0.21501172307815644
6157,0.03780629842461411
6700,0.16569530917932482
1796,0.6427797023075391
5351,0.6014490745152882
6780,0.9515434641054478
600,0.3916522754021843
3800,0.24666044399017034
2466,0.18342932550365973
2784,0.23467398281371954
4485,0.26259363934753155
625,0.0926927994611129
5656,0.41095043968077594
3316,0.3242291098611663
2145,0.19673189727609527
6792,0.2699333373652129
638,0.3865039076999942
5807,0.3753355340566406
4282,0.15222835446707456
3595,0.3568282707216742
650,0.04720826103895572
4506,0.25595640882721166
6806,0.7265933954597839
5821,0.5215557771231628
1487,0.1756289809901413
2202,0.07707219755625098
1870,0.008287215078895191
1870,0.008094416617133726
6190,0.4186974627009599
4533,0.6343662335281253
4534,0.3366929744620972
3119,0.2741448358370227
744,0.5375821916585038
6200,0.11018528990643624
344,0.19033272774271967
6823,0.008000436053770519
4898,0.1869111546045535
2574,0.2556197397965993
5263,0.11384534724931802
6826,0.2766531322239615
5563,0.10956938583881054
6828,0.2411375168299938
1946,0.3180073961384962
381,0.35170813318806704
2291,0.16757050439597143
807,0.4063145907913396
2300,0.2252705709680615
835,0.1444398810574934
5872,0.06687133950745482
6838,0.45279174177754444
2,0.21002896882153377
2949,0.10489209439389305
2663,0.7978301328918319
6847,0.13260674306248163
3194,0.466609722540766
1292,0.19796589244587373
52,0.1003891378736101
6858,0.2772467469851457
522,0.46948559031631737
6246,0.29549767797494647
3536,0.1551826612775707
1370,0.43230658342683165
3544,0.13820257151813384
996,0.4682330524874619
5634,0.23564488178287435
4467,0.185386954035998
2128,0.21034073074487086
2775,0.06105514341077407
6877,0.8134764987193334
199,0.13693347226107083
2778,0.20976008589510198
2475,0.4445308354310202
1819,0.08116408685548757
6882,0.5193513797655733
4055,0.73447947458774
6883,0.3699591996615675
3828,0.19329603308577736
4288,0.33115433652948373
2170,0.11775591046299137
254,0.4302973568705695
6886,0.2136524377375964
6390,0.3122606312153238
3610,0.3717305750915261
2189,0.08668537791336428
274,0.1414675048662887
2193,0.10252954507391322
6890,0.1309893278404946
6891,0.25976662114078014
6897,0.3050393112381567
6725,1.4945663597642109e-19
306,0.23777846675666017
1523,0.5531306980958173
3371,0.13831598659708735
1528,0.07845254818918843
1151,0.2158997760053183
6196,0.24153406449182446
5986,0.18595292526698767
5400,0.6509593906360547
2888,0.36183782005488796
3393,0.16821444731660684
1917,0.23232134942466764
5095,0.17046402848171416
2265,0.2962783825527643
4915,0.3910149334803242
2595,0.6415642838555198
1212,0.22402183385653474
3151,0.7177834339060045
4917,0.10968266160166384
6925,0.6751427774915684
1597,0.5180749744627863
3162,0.15755136429621366
2930,0.20420006356775203
5739,0.5894827998218114
5740,0.091301248403934
2645,0.2653000992807982
874,0.08423847717901682
2336,0.9999999999999998
4784,0.3772173029391074
3211,0.19871882252152337
3214,0.22355889424554037
2356,0.24300389963343758
917,0.31085911690672335
54,0.25217225253172854
1693,0.17998292496138954
2980,0.6939919739119484
1329,0.22653510758341688
2377,0.5685305176991453
6958,0.2199985599113518
2073,0.5446613881576285
6959,0.12922892508557504
5770,0.21719966923504863
3762,0.1385456911375069
3766,0.3223416213362448
6963,0.05343872495902004
3281,0.10249753039940328
147,0.2771196966315288
5333,0.7646993408993518
6966,0.6848946370428672
6696,0.11175573408333841
4254,0.2917975978822056
6973,0.233973827744377
6973,0.217456294420459
5352,0.2653486475206628
6976,2.3933565727441577e-05
6979,0.7239392531905527
631,0.26115884175899484
2152,0.40339514808980437
2483,3.6088597622936304e-09
6070,0.12573469684442742
1066,0.08628586252916569
6388,0.20381582464708997
247,0.2923733877299007
2499,0.1428377769728656
6990,0.7611867765342345
2819,0.1749764121142563
3840,0.14464175494530243
6996,0.13138900136059517
682,0.5641017740340916
7002,0.12907486814008515
4705,0.09363287957337735
314,0.4602957233599382
7003,0.8328912778043056
2232,0.2544713855140295
3117,0.28031209342700725
5721,0.450092055440673
3399,0.2145055182974241
6423,0.901410962418262
2611,0.481630060861731
2622,0.017585585606333717
4924,0.22682543649033654
1965,0.04267875122184902
7022,0.3664610816973537
3443,0.15690068491027664
3695,0.042453603301121016
4152,0.12061539833603122
1240,0.6888700210626135
6,0.19191557729384373
6657,0.19238350425528816
1256,0.21892478083861105
7025,0.6236839734270764
1273,0.19330700606120108
6847,0.11915654759262015
2970,0.20032690901159061
1685,0.8248896854036757
7033,0.1906930668743122
7034,0.03917429862367507
1335,0.026374684200319305
3970,0.4990650994556311
2061,0.09911787406335457
2064,0.9706199604550728
3977,0.2797664072819989
3980,0.11804699117038343
6592,0.5249228861721854
106,0.2826711044506624
3525,0.21222065983781307
6141,0.6268323323356813
4219,0.30857240324169427
121,0.21159410995349592
545,0.03698974735540832
976,0.1183521253990522
4995,0.7048963587127209
7056,0.15106232677289205
4464,0.5540091320876013
7059,0.9729205509737735
3561,0.8462316273576317
6152,0.7052161997717243
578,0.5527674012717864
7060,0.6912524474141657
4838,0.14918340086530996
2128,0.08751641500007325
4034,0.6395960297590074
7062,0.18457292390386654
5792,0.5959819220180083
7064,0.15414985422620756
220,0.5127598143333683
7069,0.2719603071667175
1835,0.13753710026316096
7071,0.0007961734639750805
3602,0.36770445107614264
655,0.8293575704971899
6802,0.2525601355659766
5215,0.13490726143640028
1095,0.34852656731599163
663,0.24937269850757102
6079,0.13073689208766356
5379,0.22401198052252794
3086,0.46430026886979464
5053,0.15449304159162422
6809,0.14006546971838676
2223,0.07891684148688799
5546,0.2352006459767652
7088,0.44905638273044113
339,0.2865729407153722
744,0.5627574317135786
2880,0.9628903790723595
7093,0.09290264260573272
362,0.12404584207043157
4738,0.2742586477342316
3667,0.5707238077375049
1924,0.17855937578610967
7099,0.6727609818167173
1563,0.10244618593936995
2273,0.33694883600393327
376,0.16303387148073678
3897,0.20473574094240604
3900,0.16240223476505602
1204,0.4804033437332546
2286,0.8031858341887733
805,0.03305889963442748
7111,0.13889907744176508
3694,0.0850481555701619
6336,0.4101906876559958
7117,0.09305791873575349
7119,0.18755156104082676
3451,0.04587744377192504
1997,0.17731156402331058
18,0.988609088910766
1276,0.34828202727722907
7121,0.37581668577312954
3955,0.1704936125211436
2035,0.13835237856195612
1696,0.11099530827958065
7130,0.5659120255969227
6136,0.08319689020401684
7131,0.5524249105167852
942,6.73756034023669e-27
512,0.2757631791669072
5604,0.4785509750107069
7133,0.24175711449973974
3978,0.0980836526473433
956,0.20913356976181272
2082,0.3508484254096158
7136,0.4144851136589756
1359,0.8694469128567176
2728,0.597367191163969
3273,0.2628005499076585
5325,0.24284251131550313
4812,0.646617473230906
3283,0.1353458250377897
4009,0.41778627455159434
2433,0.17204352121990973
7149,0.7450979318279001
3574,0.9300605600608679
2471,0.10685408050679149
7153,0.20185177910672236
7154,0.20363787391147295
6791,0.49337944142939405
2482,0.11039063481614508
1444,0.18718886045268496
3820,0.602545895299912
7161,0.09139655257602174
7163,0.6383890845060642
244,0.23954392028942667
6287,0.34298734173260853
7072,0.4071212033478902
7178,0.35025876052573485
5242,0.22725659099467044
3863,0.1019661970663934
3109,0.4514466679724307
2238,0.9108746220436793
1532,0.25197053288296967
2565,0.25575366579097086
1166,0.38772203320196774
7194,0.31017216619560495
2884,0.4749689963512539
3389,0.13894725010721776
2568,0.0701619389113795
5847,0.25721482656236827
5259,0.37053410939588616
754,0.5676482658698627
782,0.23065484413327736
3674,0.2744694703901897
7197,0.7093280512477518
1940,0.28298043557465624
3897,0.20089848969950908
4128,0.11156970571138784
5107,0.2583481205727188
1608,0.2595996321612925
2622,0.19895457090569335
7205,0.48662018090362175
5424,0.19040287488362292
7206,0.6613781642955187
3443,0.15942874296649742
5873,0.2645534004990077
6217,0.24035454556962077
2644,0.6654959611867242
7212,2.517650239983286e-08
864,0.19095171621018617
445,0.008953846965542156
4167,0.015712335564865138
7218,0.3546716318077425
5294,0.0812322394719592
4174,0.11658707019256986
6016,0.1706639518771716
7224,6.9029210944779604e-18
56,0.09352480952796983
2040,0.00784763268212901
6765,0.23710588084286727
3228,0.0684176171228102
7227,0.36916818532216383
3251,0.26499035106561875
532,0.15259134015603637
533,0.20105537130250958
5156,0.6225439072211656
5619,0.43210714510145026
2399,0.21471289655983117
1361,0.39390493164264195
7237,0.4452719176864658
5166,0.031395477785853464
7239,0.7639983126122359
3018,0.8046302593519089
1380,0.017087579342564458
7243,0.6516131504147781
4455,0.7612192750296364
2424,0.5560232105075293
7244,0.18020041355000208
1388,0.5007305127127283
578,0.5421838729768393
4019,0.33880571161072204
5342,0.012849643292086863
7247,0.09966300119247908
5649,0.2522981433434582
5190,0.04921961278431149
5200,0.9999999999999996
1037,0.3886277463177916
5938,0.19913162686698785
4486,0.42461573293494276
5505,0.0896044439253649
4488,0.25451125229214405
4279,0.0826005914903925
4280,0.7674709226146395
2484,0.6786810755712104
7258,0.607784447710552
7261,0.013311064487801809
247,0.2923733877299007
6389,0.22002693817750438
1084,0.1300328153020655
5670,0.26359569700052393
7265,0.37193438021692804
7266,0.152775522871383
7267,0.20663129564604027
2821,0.6446195611019678
4062,0.4008432501334936
3350,0.08819870692312101
5529,0.174198861540734
7272,0.6024907883109811
2840,0.10293973702476132
2208,0.16220747926608473
7276,0.6471494567491216
2215,0.11772017140789404
716,0.03926725679039661
7185,0.6313432038009332
327,0.11476280148781577
1534,0.24127421821373818
2246,0.16534848862123536
7193,0.14874323175014786
7286,0.018858406427925013
7287,0.12729092822577975
4891,0.009656018420659973
3123,0.003521195897815362
1929,0.15899838922549905
4344,0.17662176906281057
369,0.21725021599906671
6207,0.781832793939263
7102,0.15564036240790474
1213,0.2216676860736189
7306,0.11082145164032953
3163,0.32684495911218364
7307,0.21094517889317319
6749,0.3339081880318467
7308,0.32536602847003304
3168,0.31752934570540514
6117,0.0793172118156991
5580,0.3021641460470381
1642,0.2191397757063893
1646,0.22277587658607326
7317,0.5705759528525465
4172,0.22437028729247543
7318,0.48204972689275716
5892,0.626189439994292
891,0.28910576764668644
7319,0.38477074593008825
4180,0.5358059921874648
6761,0.1167936657880172
7322,0.1765118082522063
4412,1.0691256260825971e-05
1692,0.6173355407567233
2977,0.2914189431101279
4975,0.23554423764196994
6243,0.4920831772239014
3514,0.14368413938063318
105,0.08971035729448887
7334,0.1576431982795659
973,0.5261231435776758
4441,0.28303887516460347
7342,0.7164734111947983
7343,0.9815745987356777
7347,0.6778815444834447
7148,0.11235107946142803
2749,0.09378463313727854
3781,0.44451135432610994
4656,0.15158772644249124
7358,0.879050721232673
3039,0.3107297202720512
5798,0.10731561515733262
6281,0.8579898644771787
7363,0.26827675548691654
230,0.18539303565710677
1070,0.10738538831052309
3827,0.5827156015259694
4678,0.1818238254950404
7368,0.07533638895771848
5954,0.2810150033592853
656,0.41999360880356695
7370,0.13196138993041479
5221,0.054241124887866754
2831,0.379171844973589
693,0.29838702737978723
5533,0.31824088007237733
4310,0.10119408424087517
5832,0.3707410924843271
708,0.9264579249423578
311,0.3101464348111349
5836,0.3562849487904082
1892,0.26210633067913863
4713,0.14814296616305228
7386,0.34347190352555096
3871,0.16802004178971236
6095,0.03713000266847625
735,0.3737363173036018
3881,0.0876228038331739
5259,0.3749734079800198
353,0.5364773393723976
7389,0.26063969422129746
7294,0.1464174105341937
7391,0.4497447452032388
6106,0.26367736291517085
6108,0.9951241456816314
403,0.8458067443293407
7397,0.2280341169175015
7401,0.8631164437413469
436,0.2654371285003504
1258,0.31129542526621035
7408,0.3113197127952276
1651,0.26048764391895796
1651,0.25234272707100164
6568,0.6704701087104392
3192,0.07951988329784132
7410,0.6744998773920285
6760,0.6369884349365963
7411,0.15364927587229948
1675,0.16652403776717725
3952,0.37148283847504715
7031,0.13222947202153876
4604,0.10275870871145996
3497,0.29984593028389106
7417,0.22220256749285197
6239,0.14296793650895642
63,0.5339834909804314
1706,0.7446422313429442
7227,0.3790065505901324
2993,6.102921312521386e-08
2082,0.3562728472872724
5329,0.6196616850802468
6149,0.17415067772912493
4455,0.7779777995683105
4252,0.363011401363526
2444,0.04818315425037476
6489,0.1398785547338491
4846,0.021421701828851267
2134,0.5253362488851301
4847,0.3894873792019713
6880,0.07560161119573124
7442,1.772163187956056e-11
5512,1.854841644708813e-11
4857,0.16858348897891018
7447,0.34017576745124545
3594,0.8224493880902142
7451,0.2030803739889191
1453,0.5558810357497599
249,0.21837437788239789
5813,0.19153201773280307
7452,0.8014392654335828
1085,0.19037034358848964
2509,0.9999999999999998
7454,0.14302995636767213
666,0.14663324236011918
4075,0.4962121891229561
697,0.14864656236890525
3101,0.3970090386897557
3362,0.5794976344448496
1512,0.29061643797311576
7182,0.4965659254456145
728,0.07528774050979536
7468,2.050528636705633e-06
1149,0.32327169283350243
6317,0.26722210311825484
5861,0.5817070534351085
3902,0.3299849328654912
6320,0.1014744680389051
1208,0.7950376982601298
7199,0.18828044861334658
7478,0.21778669245428203
2295,0.3541247800744282
5867,0.3370326653968111
7481,0.6966547020115703
414,0.13595787785714422
2935,0.10809617308205913
841,0.6549913853090664
4582,0.11890696038067454
3696,0.5492636776387662
2944,0.039924156833922454
1641,0.678690490065189
3711,0.4767294484776612
1264,0.0885597727588842
25,0.29723526811717305
7492,0.0027645469667589087
1293,0.2428208530367989
7494,0.11153827499172332
7494,0.10920790490235306
2672,0.2651891166195805
7499,0.06124334491982462
6131,0.2489461742796493
3958,0.4870241853670878
6021,0.31035404516975423
7417,0.21325734253115514
3749,0.27228600290655325
4198,0.32482561832400403
4621,0.27130104306547986
5157,0.05656396075720696
2090,0.1292628851629179
1752,0.09734510696366884
3535,0.05669440626205674
136,0.14620834378613926
7513,0.15030845743468
4824,0.5219086761930319
5633,0.21714666889138312
155,0.17424283255880063
4464,0.501780436973642
5181,0.154023874659629
4648,0.273058583780915
2112,0.3979283820793559
4470,0.18677448674507532
3790,0.1604713488243289
4025,0.120071444647221
598,0.7493084745107178
1800,0.18101240796474102
1803,0.8043015848010718
615,0.08903098017922938
1047,0.11916675606393583
1051,0.2668568885956481
4668,0.16417856955683544
2150,0.47335084171809977
3323,0.17937077383835845
6079,0.1259579977884548
2520,0.39882346474679303
5966,0.9522238845231649
2848,0.26833060982318235
5829,0.3599152455328921
5242,0.24428615260894593
7548,0.18630900816616913
2869,0.2549698564425437
339,0.2953862041240815
2878,0.32918531609113144
2886,0.8416692269831203
7560,0.3281990446196455
1190,0.13918667694276984
3411,0.16597619310670741
3413,0.1263234845064473
3414,0.16063542354764004
3419,0.17832570332463824
7015,0.38650834620416885
1950,0.09550300274100394
2299,0.2812128553634446
4150,0.23397492393541583
7575,0.9388999009413136
5,0.2400739888776492
3452,0.12699374493043347
1258,0.30623003569797014
5888,0.2766364969992393
6755,0.7428919722319516
453,0.3676974402684076
7579,0.48138567089570505
2675,0.049090730942596486
6239,0.1619596398330607
2362,0.14642693875883028
7590,0.8859165199417705
2066,0.15519239421246336
2989,0.1731131721131713
7595,0.976118190960946
2073,0.5399486360530089
6867,0.6584115195581977
6246,0.2994656733908639
2081,0.13942265552313926
4221,0.20816789793833215
4231,0.05372514722801071
1760,0.6781938717387405
2097,0.2958750448723467
5004,0.3594218118386628
6967,0.2872293011237425
7607,0.12741083134755024
7610,0.9567519930295759
7612,0.233506984031908
4466,0.26025894046105896
6369,0.5594547124911138
7355,0.11004054656811554
3573,0.9118636503107889
5197,0.27782903020540517
5936,0.2671613990247143
6981,0.7129370292567253
1825,0.4659500629538282
1064,0.11203754810554761
6072,0.3756712315824708
3598,0.35494799169150004
7627,0.4019488261481971
7629,0.25006477104709796
4066,0.4470093798005108
2194,0.244376850041311
5699,0.3871943925877308
5239,0.1320292106209461
2545,0.18408951276039323
7182,0.5072455960342814
4531,0.19515684638395367
1888,0.2565162486097321
1527,0.5446277498890564
4320,1.9920082986244983e-20
4535,0.363154615889435
4541,0.35675467009494544
4542,0.1484249244412755
7286,0.011151327998688626
6816,0.24075008790570224
4106,0.06541601799521063
2887,0.1771870751976094
6100,0.8066147733792655
6203,0.2611208032724996
1192,0.7256894204674144
4556,0.1583791497953568
1201,0.22162190918860775
7199,0.19193457737653377
3426,0.4259774930707412
3428,0.13119097123665957
2298,0.09993659488399127
824,0.04248830207663301
2303,0.1581129143787198
834,0.2009176065751378
2938,0.27910175533356874
7655,0.21316910262576066
2316,0.6236619914922192
6752,0.22430187403842017
859,0.2533980400036663
2656,0.905989055672598
2954,0.1890758318950843
3462,0.18126231771536724
4172,0.1780098874733524
2341,0.5842408857333318
1284,0.07223388562555537
1669,0.8486976568932785
2670,0.7743641512971629
3212,0.1968605825192092
1305,0.09245473333511464
5303,0.6836584673872206
2364,0.42530899957141904
5602,0.27894737715955004
6586,0.3238625864367656
942,6.27295362422846e-38
90,0.12716688112410512
7667,0.36936175046329717
92,0.029484940172328833
2085,0.24412965109101642
4436,0.2536190571223494
544,0.25356249835021344
7426,0.22929259023821807
6771,0.5681343576831486
7238,0.083635851471901
5167,0.34306189515393076
133,0.05861171350288286
2417,0.08543592308606365
3773,0.45329421417484556
4238,0.1251864737239562
7147,0.5319735352544435
4012,0.18358656469471452
1391,0.30145080837257165
6698,0.18281717226000285
7060,0.6886529709482105
7060,0.6622700535291588
2112,0.3778089280134914
7615,0.22959467034271203
2785,0.11060849221555484
5359,0.186448485885059
2479,0.5051916484804473
6501,0.4662775729157248
2798,1.0
4278,0.24820863718983227
5822,0.9029970084353838
7704,0.21967884583576824
2523,0.1116145892735197
4073,0.3476664640658599
7707,0.7765777582251322
3625,0.7841368545003147
7380,0.5306216523583152
2213,0.232876046402583
7711,0.15909764765414683
3365,0.17777436330502644
2222,0.6205474922121113
5543,0.29792642114317264
1885,0.1660992363296109
1166,0.3977430992189836
4725,0.2605060459975812
3387,0.7708340809581845
2890,0.290070978970079
7719,0.4231396337876589
1199,0.21784091214677787
2596,0.32779295517620904
799,0.22590089178190495
3160,0.4753656328803797
3438,0.218479314929753
6836,0.1984361547237353
1618,0.14520397536515237
6751,0.5868348610104291
6337,0.4085229299581197
857,0.35360868137631896
3448,0.23639556923908395
435,0.08683486030796216
1987,0.49988906644258846
21,0.08431360543286298
4956,0.10811518378585981
1664,0.5955250263830433
2017,0.1496336830521431
6449,0.14474995897997175
3726,0.13829932240943602
7733,0.436936600194521
4412,0.004608866965523639
7734,0.6468109704297363
3490,0.5131453244527757
1309,0.1908638542049629
4605,0.15694171668672566
7736,0.39522585066313926
3223,0.7750520898957458
7738,0.13238010968188163
3230,0.1431026112198086
7740,0.27530636176605605
6030,0.9157668602108384
945,0.11907705772203547
6673,0.34400718769966254
3238,0.2507716638619233
5615,0.18635173102686511
3254,0.39070214141549847
533,0.1738099484988795
109,0.2832507492384223
4213,0.20274855812614928
4437,0.04990557950346276
970,0.21599855910044585
5630,0.5334552505772974
5775,0.08576332591171584
3020,0.640264485213604
2105,0.12336323116188752
560,0.12584958023286483
1775,0.6096260287494442
2761,0.23443243469565134
3298,0.10020844895699269
7755,0.22851184841480435
5645,0.3904806911871364
2453,0.6678894334569443
4842,0.6251247500069635
617,0.3893864089506634
621,0.4908850402388962
5029,0.3392937415986492
3048,0.009748544767352138
5203,0.16152401358994986
5360,0.5186258174781142
5035,0.5411789464723442
7759,0.31722894311845273
4496,0.09681225906948712
7763,0.19686819223560897
4062,0.40655653691217797
2517,0.15144838879716999
5820,0.1248075996245139
7769,0.9702007701512264
7770,0.18287264629046712
3360,0.5540104747967358
715,0.3611023423970291
3367,0.11759061242441372
2864,0.3021517584295136
1140,0.1721008800368203
5086,0.2346846675381147
1903,0.021218241568584286
1548,0.08485560839583749
2251,0.002752656144726083
4897,0.5915597344935913
4903,0.39898539651103027
1922,0.2990790273646134
775,0.5558857499200909
7782,0.7288552462071098
1932,0.24982911370604327
2271,0.22335990067202813
3144,0.7300709693974438
4127,0.13076452006062628
2613,0.08551261311330816
3162,0.15196365765251907
423,0.19916321163707598
4149,0.1719555324844402
2637,0.6007092276156412
7790,0.8422759887464288
2646,0.4591030036612489
5581,0.31456862385083595
3182,0.27864382903716733
7791,0.4698271988555022
5582,0.18162285199999004
3465,0.33321183292336093
7797,0.142921695073804
2960,0.41181258908697577
1286,0.8100186148573595
2969,0.4193966140075764
3741,0.20782319259473242
505,0.14782999974278108
5313,0.4373840712183724
948,0.4507681803749857
92,0.030171735270459764
2390,0.13445001255877148
4212,0.4177377664344653
105,0.9186743199099467
6141,0.6236256136090594
4990,0.08130078245085501
7811,0.5741382705608512
2092,0.3477681527134615
982,0.25820388260107585
6048,0.31046160180328464
5335,0.3759357252527766
2436,0.0576413958775482
5345,0.5646357701347157
2125,0.04449430374937724
5020,0.319383563759473
5353,0.17119911896468037
1803,0.8948514734409604
4271,0.11632157944423022
7823,0.9985365642224898
4489,0.3831740190575825
1825,0.48953501162188245
5660,0.2596175256794177
231,0.2630671785433313
2802,0.1590851839265852
2498,0.18073097196722174
2499,0.1481485455840878
7171,0.3362649412920458
668,0.3041107459332058
7832,0.1297668342454606
674,0.18034798424851434
2198,0.10328297815857218
3087,0.15380719212571756
2531,0.2502344403388417
2207,0.22287071261105607
3097,0.19430426161051662
2541,0.3394751068323846
707,0.13524099457774894
709,0.1702403325306783
5245,0.3159773014899168
4706,0.07456276277517164
3641,0.1407195061978133
1141,0.14290673710373303
5249,0.36867061926218236
7840,0.054639587443320904
7288,0.14519511042111236
7845,0.6466889712995633
2257,0.3663509850680959
4898,0.19054494654908288
1578,0.2517730039693323
789,0.3934929759713839
5863,0.2513229960630726
2600,0.035719232287336915
7855,0.3479243277965139
4357,0.1425141877795405
7394,0.1408276187676468
3916,0.16629998817069952
4756,0.6574438729915711
7859,0.32377456445560837
5737,0.2378291412564807
7862,0.6560731227541335
431,0.2687491966393288
4943,0.20838608254005173
7865,0.6321673567717722
2650,0.07975491880131297
1253,0.3985357332395621
867,0.47186413187518567
7728,0.29469526252247463
1259,0.054795194454748675
2658,0.12592060270661365
7488,0.8823898788515865
1654,0.1384016098438737
1659,0.0039680042421277855
4392,0.2762070714137938
459,0.38244900275811444
3723,0.4224286605560777
7878,0.5973825542370196
5457,0.5357187600643915
6025,0.592185927000088
2051,0.12933154515683792
5142,0.20725840796852274
7885,0.3883430808362261
533,0.1528981745343102
7338,0.4931935942031388
3264,0.01957585674347305
3273,0.27116059352690064
6868,0.2205807834082185
7675,0.506038178991845
4445,0.23673834008840636
3543,0.5187533950695077
2417,0.03680784724157802
1765,0.0876467206345914
5173,0.6689452949720598
151,0.3392853543664881
153,0.25928465242876836
7894,0.5350435608133147
4456,0.09354003399798515
2756,0.12387414939684822
1782,0.05515425197748657
4664,0.20369995327618806
3582,0.06444073336109352
7901,0.14845665847764994
6063,0.19830261861729265
7904,0.1263234739798912
632,0.38548596189696044
265,0.1696795722576911
3348,0.14109832237330228
6521,0.834831396001931
2830,0.594795234509401
279,0.8601876909075332
7918,0.19352275413230172
6896,0.21864593635472376
4877,0.08962815033742838
5064,0.3967360196253567
5241,0.28719573214764177
5389,0.45788152989442993
721,0.2202078042326747
2236,0.1465602199948859
1897,0.2284404632806317
5987,0.196140802694291
1175,0.12949445808735321
6314,0.30790735631094523
756,0.2453945396437894
3130,0.35883253796759745
4119,0.17621736338309688
3898,0.2481800566511469
2282,0.16708448790663796
402,0.1688144630832199
7933,0.08809172017418826
812,8.063811593835483e-05
7656,0.6410953363353582
7941,0.2521645446425902
6218,0.05431310161520483
5877,0.6888320524196557
5284,1.0
7865,0.5904216264736779
6656,0.6101954036637255
2952,0.21713294108844483
1999,0.3099340151556311
4162,0.27252970970438234
6755,0.6729892851286529
454,0.11887787914095435
3200,0.1572400179664465
1301,0.19736916404884072
6857,0.4195822459968284
5598,0.9999999999999905
502,0.420389051437359
7952,0.3839972570920957
2985,0.0405741023420439
2385,0.6542336182244678
99,0.7566910824759148
7599,0.16708796622868893
4215,0.1630356394163619
1741,0.035952533824711946
3765,0.5780712377896401
1766,0.14448524541507687
4457,0.09704369180174126
4644,0.1967268159569997
4245,0.2334344103322965
572,0.5064603426514801
2111,0.3919416089804538
172,6.8385610990906246e-06
177,0.2534224877566
190,0.0879295244606798
5355,0.505718014834129
7969,0.32432602246961006
3580,0.3522157400586795
2470,0.5665850035167616
1834,0.3869759890060631
3599,0.1181421450008658
257,0.7094361809149621
2828,0.15251392926179344
1871,0.11782890465112861
6185,0.09830532449035147
3629,0.12007588811532405
7001,0.15093793578820258
2862,0.19860239993142423
1141,0.14059684693232208
5979,0.21278255709573538
1145,0.43812532202205423
5986,0.17967594009662008
1552,0.37072308175285745
7986,0.834565303955009
7294,0.14115841561420556
7010,0.8240832116585867
5095,0.16713411892110822
4341,0.3834133861087614
4741,0.3032875929764248
7476,0.731711039447613
5107,0.23009792734060577
1211,0.687745826494715
3909,0.12132229535979625
4751,0.19036852714717314
7992,0.22908749931763286
3173,0.3175519031608011
7119,0.19537511000642252
3705,0.24366897485833555
8,0.5189674303176011
2000,0.1247670212300545
6227,0.19954183135224232
6227,0.1848684238128394
470,0.12675505011126253
3475,0.3172696642462036
909,0.17707651638915398
46,0.03378018562653178
1304,0.11820094569549822
55,0.9104215359080677
8004,0.3544920523418164
5461,0.12932905523510116
1327,0.5553400811569841
8006,0.8864088910551701
4206,0.4395634025229121
2385,0.6549329539752349
1732,0.7515846169436545
3248,0.23974874320885523
3521,0.22580939124016958
5159,0.3320625674983014
8014,0.3493414801030412
3270,0.5007088173122458
4440,0.18516824414500377
2097,0.29984595090380656
997,0.32851375756484685
4829,0.13278781914330462
6700,0.17918142820585237
6780,0.9628889281182197
5021,0.2634877037302114
4478,0.24414996642415354
1037,0.37687885750564887
7969,0.0749121519186614
7970,0.22980698542419606
8026,0.2018149267155875
5656,0.41555429102642916
6282,0.464504146355804
1818,5.357226046935066e-12
2793,0.178045344855083
3319,0.17545869298387062
5362,0.29761029864373806
8031,0.36280328707116305
1834,0.37689171802176824
7975,0.23639784880813738
8036,0.5794610226155652
1459,0.2572437988131361
1461,0.11114193001413772
4508,0.14010840831530608
4062,0.4111455215003622
5375,0.11001760796530062
3835,0.1661234824452812
1487,0.1790917450656269
8047,0.1292884552945158
3101,0.39504056066544807
1129,0.13560179250026727
8050,0.4624971544744419
2218,0.2806098416630823
3635,0.14766317756926198
4091,0.14140472292860629
5974,0.4633040200563821
6411,0.2696550253868964
4320,2.4651529785545087e-15
3119,0.2788928496109457
747,0.4919551357002427
3882,0.10685492476403914
7926,0.7404077664724656
2583,0.483678315657194
7474,0.30781942483117003
1946,0.3273438247818404
2593,0.12875564317684468
6746,0.4840714500669646
1947,0.41681355329674696
7301,0.25195835612541967
2599,0.3331912920850314
4750,0.3898066375893527
1218,0.14358520536638833
3432,0.18543582981315263
826,0.2571483991294009
5423,0.13221370023254994
6221,0.125240863385511
1645,0.14985878073102363
5885,0.49229894603644636
4952,0.45432243854762866
2005,0.16879272255149788
5587,0.2763211389795473
896,0.9796030820946169
6763,0.09263527543839013
1307,0.1497272931315716
4604,0.10669809487470534
5457,0.5309931517280309
2363,0.08344218170955103
926,0.295581135380938
5460,0.14074654597642966
7665,0.12482267325470163
4609,0.2573399131962526
5763,0.15366752735777145
2057,0.35096732732446295
8086,0.20179068816499024
4199,0.3675271100273061
5606,0.3734636902685905
5469,0.202058630167202
2990,0.23738970943689106
2075,0.9201483589592945
3003,0.27026838217142996
3530,0.30286480328807597
541,0.14610873675921618
4231,0.0525312494919926
8096,0.21361506797612945
6472,0.11026733140963607
2734,0.07583465703925438
7603,0.309648978871287
1764,0.207346994986772
562,0.15266548313614575
1381,0.0010190047263576795
1776,0.30358230244670725
7613,0.20250081320030452
2759,0.15944104472435078
584,0.629368226459072
4655,0.2045303800464425
3029,0.08454920045452535
3799,0.7160105879802654
6163,0.1999593874453895
2133,0.4219410748943564
7903,0.1914740789527492
2801,0.2256282481305032
2493,0.17045797757686182
244,0.268549317467128
3831,0.286765523281246
5526,0.19895161001052342
5682,0.12721541655751922
286,2.6720325503548327e-12
1489,0.31016847426040933
716,0.04091102240131548
1526,0.14827933445816469
2867,0.5267227104432989
7288,0.12475961858314816
4730,0.17006248397314724
8143,0.16152970042754242
8145,0.600489986015138
2580,0.14032145552792127
7782,0.6108307432397405
372,0.1542055605058785
8151,0.6540206353860155
3146,0.1705175970575573
380,0.30454793348403736
1947,0.37331017234658437
8153,0.0015678741877258485
8154,0.3724810322375789
1595,0.8382630327088366
4923,0.20081098236872866
6325,0.8590403023446528
7724,0.4396139569836807
407,0.3833210078816206
8155,0.30725460742075195
840,0.12569469779150816
5877,0.6796020888187628
7023,0.5367699293833323
1646,0.10604985593748989
5127,0.1133116401451636
467,5.327459628182314e-06
7500,0.17519090517819524
6858,0.3047523566285054
8166,0.4928542131914144
1323,0.2728585432037409
4973,0.1939961274332136
2061,0.09536796352255729
4205,0.3274591857691714
7809,0.10597292396617189
5160,0.19735688147525318
2733,0.116851421346666
3767,0.0015703501207935777
131,0.26100311450182156
550,0.14157585905933837
5627,0.29380351517935566
3771,0.21754487294735786
5777,0.257586744611029
2753,0.16342992608230988
4011,0.3787805786317644
3294,0.5938652004989063
6972,0.5221832118975105
1016,0.03914309983792456
2448,0.29416834198398073
7151,0.2096442896283177
1793,0.7163594207372521
2123,0.3998258479483735
7436,0.10936605886138966
597,5.371150473604198e-12
613,0.5196274662510947
6162,0.2697456492863152
1421,0.2794253712408109
6278,0.2035456475357435
3051,0.17178976884241112
633,0.44988691482203436
6985,0.03332043374485294
4856,0.6506402745833162
1839,0.30832611668216364
1453,0.3590137442670897
1461,0.11589139073472078
6618,1.0
6079,0.12859419741943387
4071,0.4204353467703922
3083,0.6016907033687483
8194,0.5522311206971294
3093,0.5728532559179106
299,0.2742417922405467
4526,0.17117778062108152
6902,0.19525318213269308
8201,0.20525581096533554
2228,0.809321127956492
3869,0.44938063863247796
4714,0.6732515622590639
3874,0.09637574638159067
738,0.15015874290579306
1161,2.2892615585626666e-06
5988,0.31394658852601687
7298,0.5498056196764638
6425,0.08062578771941305
3419,0.18112480921122717
5862,0.1669747158514922
8214,0.2583280635216876
6922,0.33451109599820944
390,0.12264858672637315
4359,0.21121638103364965
2607,0.16498319334506018
2609,0.1499851119862676
6650,0.4586959277231236
2297,0.2978280732337722
8219,0.24553763704029272
2927,0.13554936551987168
7939,0.24820635900156982
418,0.5305205046066008
1233,0.24680304588951033
1237,0.04361001340937694
3173,0.32688136858608735
5878,0.2096762276408015
6437,0.34882491154832984
3701,0.42181231515541
864,0.3507682676311931
5433,0.2810799736395936
2658,0.17960117985879762
4775,0.2355407077074108
1278,0.04563467307725231
4597,0.05469129479360497
892,0.002398419546086723
3202,0.1565637797966529
3217,0.3462536017490327
4789,0.33197753426821064
63,0.6373290888960803
5148,0.9772965125246744
3519,0.3923456020455878
6249,0.35129876707050206
3256,0.5579098867461785
535,0.1969082745461744
2727,0.07766650476614043
7811,0.6313880019022705
2740,0.24256265908193536
2100,0.173335669939235
8246,0.16483029327414095
563,0.27674399631790897
8248,0.4725519306460647
4011,0.3843811420185438
3292,0.08074322389144922
3782,0.2037466309258065
4255,0.543807327542561
3790,0.1663105339599734
3793,0.6814020385959817
180,0.15173865113160845
3796,0.21842894148718464
593,0.4377363665679369
1415,0.797888754625767
3800,0.2494780890431426
8257,0.7749625273421646
8260,2.732606222617384e-05
3585,0.1298289340733856
5808,0.08712593224057928
8264,0.4850512608646153
8266,0.9801981274900642
8267,0.5636826668729161
3069,0.22393834718849828
5214,0.7233410478270726
3344,0.1337116680968833
3075,0.3708762980449988
3836,0.615655882640196
5822,0.8283350903355771
682,0.5594274742604197
3088,0.14509555370918298
2843,0.3317680033115014
3622,0.15272611022240454
1876,0.3507234991187634
3626,0.22282127107047583
3630,0.1646026015189194
2214,0.08041700424916724
8277,0.9700228899957245
5070,0.27898008342082276
7773,0.6162579345583743
3865,0.18465893150316187
5078,0.3422070195527505
1150,0.9501406956685684
1150,8.806653646022407e-13
4098,0.3258979085808729
5086,0.2520892689602105
8286,0.1340504642178232
5255,0.840941662630468
342,0.11624872958420135
1549,0.0727206439976597
8292,0.3324080288445399
779,0.5747449092102869
6112,0.26860278648101044
3435,0.24967910559644624
4366,0.07537312535713664
8298,0.6831686728356136
835,0.14766917677997146
8300,0.3690894128063188
1974,0.9999999999893183
